RegionID,RegionName,City,State,Metro,CountyName,SizeRank,2015-01,2015-02,2015-03,2015-04,2015-05,2015-06,2015-07,2015-08,2015-09,2015-10,2015-11,2015-12,2016-01,2016-02,2016-03,2016-04,2016-05,2016-06,2016-07,2016-08,2016-09,2016-10,2016-11,2016-12,2017-01,2017-02,2017-03,2017-04,2017-05,2017-06,2017-07,2017-08,2017-09,2017-10,2017-11,2017-12,2018-01
275237,Roosevelt,Fresno,CA,Fresno,Fresno,30,992,1006,1021,1035,1046,1054,1057,1056,1051,1049,1045,1047,1054,1067,1083,1093,1095,1090,1087,1086,1087,1087,1087,1086,1085,1089,1094,1101,1106,1113,1125,1137,1149,1160,1171,1180,1183
273565,East San Jose,San Jose,CA,San Jose,Santa Clara,37,2616,2648,2679,2711,2740,2760,2783,2811,2842,2873,2899,2923,2945,2973,2998,3018,3039,3064,3083,3093,3096,3097,3090,3082,3081,3100,3121,3142,3154,3161,3167,3179,3192,3203,3211,3220,3232
273088,Bullard,Fresno,CA,Fresno,Fresno,47,1333,1339,1346,1349,1352,1357,1362,1367,1368,1368,1367,1369,1373,1378,1382,1385,1384,1386,1388,1389,1389,1388,1388,1390,1393,1396,1402,1408,1418,1427,1437,1440,1442,1443,1443,1445,1447
276652,West San Jose,San Jose,CA,San Jose,Santa Clara,55,3468,3506,3540,3575,3605,3627,3641,3644,3644,3647,3664,3677,3684,3681,3682,3692,3711,3727,3729,3724,3713,3702,3687,3665,3639,3624,3621,3628,3646,3663,3680,3695,3701,3705,3709,3716,3727
273480,Downtown,San Jose,CA,San Jose,Santa Clara,71,2776,2821,2857,2885,2908,2937,2975,3005,3023,3029,3035,3046,3068,3101,3133,3161,3185,3198,3195,3179,3161,3145,3131,3112,3093,3089,3097,3114,3135,3153,3173,3191,3207,3219,3228,3235,3244
274756,North Valley,San Jose,CA,San Jose,Santa Clara,75,2758,2803,2847,2886,2920,2954,2991,3024,3047,3062,3075,3083,3097,3116,3144,3166,3182,3189,3189,3183,3177,3174,3168,3157,3146,3150,3159,3172,3187,3199,3210,3222,3239,3256,3268,3271,3275
115003,Evergreen,San Jose,CA,San Jose,Santa Clara,76,3177,3202,3213,3224,3243,3275,3310,3339,3352,3369,3390,3413,3432,3458,3476,3495,3509,3527,3539,3547,3535,3518,3500,3489,3476,3475,3470,3475,3486,3496,3505,3510,3508,3510,3517,3527,3535
118987,Willow Glen,San Jose,CA,San Jose,Santa Clara,80,3220,3246,3279,3319,3368,3406,3427,3429,3424,3431,3454,3480,3505,3524,3539,3549,3558,3566,3569,3566,3557,3546,3537,3521,3509,3508,3513,3520,3526,3534,3538,3542,3541,3540,3536,3529,3525
276215,Blossom Valley,San Jose,CA,San Jose,Santa Clara,94,2795,2845,2890,2932,2964,3003,3043,3083,3112,3139,3162,3184,3201,3226,3246,3266,3288,3310,3321,3321,3308,3288,3265,3244,3227,3236,3252,3272,3289,3296,3304,3311,3327,3347,3367,3383,3398
114074,Cambrian Park,San Jose,CA,San Jose,Santa Clara,104,3183,3205,3236,3275,3329,3374,3409,3417,3416,3424,3449,3476,3500,3526,3543,3562,3574,3581,3576,3569,3562,3554,3548,3535,3526,3532,3537,3542,3539,3537,3532,3528,3521,3516,3514,3511,3514
276151,Woodward Park,Fresno,CA,Fresno,Fresno,127,1583,1577,1579,1586,1605,1616,1621,1619,1619,1616,1607,1604,1606,1609,1617,1622,1623,1619,1612,1608,1611,1613,1610,1610,1613,1621,1637,1654,1665,1675,1683,1691,1700,1711,1714,1710,1704
274552,Mission,San Francisco,CA,San Francisco,San Francisco,130,4379,4466,4558,4656,4757,4831,4892,4917,4954,4975,5004,5008,5010,5011,4994,4976,4964,4959,4950,4923,4884,4836,4810,4777,4732,4691,4641,4615,4605,4610,4634,4680,4736,4784,4819,4830,4833
274056,Hoover,Fresno,CA,Fresno,Fresno,142,1176,1179,1180,1183,1186,1191,1193,1194,1191,1189,1189,1192,1196,1201,1204,1208,1213,1218,1218,1217,1219,1221,1227,1231,1236,1242,1245,1246,1245,1246,1248,1252,1258,1267,1276,1285,1291
273794,Fresno High Roeding,Fresno,CA,Fresno,Fresno,144,975,982,989,993,994,999,1003,1009,1007,1003,1001,1008,1021,1033,1042,1047,1052,1051,1050,1045,1044,1043,1043,1043,1042,1045,1051,1057,1061,1067,1078,1094,1114,1131,1141,1144,1145
276446,Mclane,Fresno,CA,Fresno,Fresno,164,1048,1058,1067,1077,1086,1093,1096,1096,1094,1090,1085,1085,1088,1095,1104,1111,1113,1111,1107,1103,1106,1113,1120,1126,1131,1138,1144,1148,1149,1152,1159,1172,1186,1199,1210,1221,1229
273674,Fairgrounds,San Jose,CA,San Jose,Santa Clara,172,2581,2613,2640,2668,2698,2726,2758,2789,2820,2842,2861,2874,2893,2927,2960,2981,2996,3007,3016,3016,3011,3007,3002,2997,2996,3008,3016,3027,3047,3069,3094,3112,3122,3126,3135,3149,3169
275306,Santa Teresa,San Jose,CA,San Jose,Santa Clara,176,2849,2896,2937,2976,3013,3055,3099,3138,3170,3193,3209,3220,3232,3255,3273,3296,3324,3352,3365,3364,3348,3326,3307,3294,3284,3295,3305,3320,3332,3336,3343,3349,3361,3378,3400,3417,3432
117224,Parkway,Sacramento,CA,Sacramento,Sacramento,194,1220,1232,1240,1244,1246,1244,1245,1246,1247,1247,1248,1255,1267,1279,1292,1303,1313,1321,1326,1329,1331,1332,1332,1337,1343,1351,1360,1371,1384,1401,1417,1436,1456,1474,1486,1494,1498
46736,Newbury Park,Thousand Oaks,CA,Ventura,Ventura,201,2833,2866,2900,2925,2944,2953,2951,2940,2929,2923,2931,2944,2961,2972,2991,3002,3021,3038,3054,3055,3043,3033,3027,3023,3018,3011,3006,3008,3015,3040,3073,3110,3158,3192,3210,3198,3180
272756,Almaden Valley,San Jose,CA,San Jose,Santa Clara,206,3780,3837,3845,3864,3882,3900,3900,3900,3914,3949,4009,4067,4113,4127,4117,4084,4060,4041,4040,4050,4046,4036,4027,4017,4003,4005,3996,3985,3969,3962,3968,3988,4006,4024,4047,4060,4066
46793,North Highlands,Sacramento,CA,Sacramento,Sacramento,216,1217,1224,1232,1239,1247,1254,1260,1265,1268,1270,1274,1278,1284,1287,1293,1293,1297,1302,1313,1319,1323,1327,1333,1339,1345,1351,1360,1374,1387,1402,1416,1436,1457,1474,1485,1490,1491
275845,Valley High-North Laguna,Sacramento,CA,Sacramento,Sacramento,244,1331,1338,1343,1345,1345,1344,1343,1345,1344,1345,1346,1351,1362,1375,1395,1414,1429,1439,1442,1443,1442,1442,1444,1449,1454,1458,1464,1472,1482,1497,1517,1544,1572,1595,1604,1605,1601
273594,Edenvale - Seven Trees,San Jose,CA,San Jose,Santa Clara,247,2657,2697,2732,2769,2804,2826,2846,2865,2888,2910,2927,2945,2967,2996,3026,3043,3057,3069,3087,3105,3123,3137,3143,3137,3129,3135,3149,3163,3172,3180,3192,3205,3212,3214,3214,3220,3227
113736,Berryessa,San Jose,CA,San Jose,Santa Clara,268,2878,2915,2951,2986,3023,3058,3099,3131,3163,3193,3226,3247,3263,3282,3303,3323,3342,3354,3359,3358,3347,3329,3311,3287,3270,3274,3279,3292,3311,3331,3346,3351,3355,3367,3387,3408,3424
276646,West,Fresno,CA,Fresno,Fresno,300,1174,1180,1187,1192,1196,1200,1204,1210,1212,1209,1203,1199,1197,1199,1204,1211,1219,1224,1226,1226,1227,1230,1234,1238,1242,1246,1249,1250,1249,1250,1255,1263,1274,1281,1286,1289,1293
272760,Alum Rock-East Foothills,San Jose,CA,San Jose,Santa Clara,361,2643,2679,2712,2744,2770,2794,2824,2858,2889,2911,2928,2946,2966,2995,3021,3046,3067,3085,3094,3095,3091,3087,3077,3066,3058,3069,3089,3111,3124,3130,3138,3152,3168,3185,3197,3205,3210
268020,Bernal Heights,San Francisco,CA,San Francisco,San Francisco,383,4101,4201,4325,4435,4515,4562,4603,4642,4686,4728,4768,4774,4762,4731,4698,4667,4645,4622,4587,4551,4534,4526,4532,4537,4539,4547,4537,4525,4506,4488,4481,4479,4489,4498,4511,4510,4504
268284,Meadowview,Sacramento,CA,Sacramento,Sacramento,427,1234,1242,1248,1251,1251,1251,1254,1259,1263,1266,1267,1275,1289,1306,1323,1334,1340,1343,1346,1347,1348,1348,1347,1352,1362,1375,1387,1398,1411,1425,1439,1455,1477,1497,1505,1508,1510
268409,Pocket,Sacramento,CA,Sacramento,Sacramento,442,1588,1600,1611,1618,1625,1633,1641,1653,1664,1674,1681,1686,1692,1698,1708,1712,1722,1729,1738,1745,1753,1763,1772,1780,1790,1796,1802,1811,1827,1843,1859,1880,1903,1922,1931,1932,1933
117654,Central Richmond,San Francisco,CA,San Francisco,San Francisco,463,4221,4288,4386,4474,4554,4609,4667,4682,4723,4792,4937,5091,5255,5291,5288,5254,5249,5265,5276,5287,5289,5281,5247,5166,5068,4948,4901,4889,4904,4898,4885,4863,4871,4889,4853,4737,4571
191799,Ponderosa,Sunnyvale,CA,San Jose,Santa Clara,470,3490,3533,3571,3618,3653,3689,3722,3751,3761,3770,3797,3838,3868,3863,3839,3825,3843,3873,3887,3884,3860,3832,3804,3770,3736,3728,3735,3767,3788,3800,3794,3789,3771,3754,3748,3760,3781
268489,South Natomas,Sacramento,CA,Sacramento,Sacramento,473,1320,1328,1335,1341,1345,1349,1353,1356,1355,1353,1353,1356,1363,1372,1390,1410,1426,1436,1442,1442,1442,1443,1446,1458,1474,1483,1490,1494,1499,1514,1538,1569,1599,1621,1631,1628,1618
268150,Excelsior,San Francisco,CA,San Francisco,San Francisco,475,3295,3337,3414,3483,3543,3570,3609,3670,3767,3867,3946,3992,4013,4013,4009,3996,3981,3970,3948,3918,3886,3857,3830,3806,3797,3801,3818,3802,3770,3758,3781,3812,3814,3792,3763,3736,3711
272885,Bayview,San Francisco,CA,San Francisco,San Francisco,537,3340,3388,3450,3487,3515,3535,3581,3663,3764,3843,3877,3876,3840,3814,3791,3804,3809,3830,3833,3828,3831,3842,3851,3856,3854,3848,3860,3866,3879,3893,3906,3890,3851,3798,3744,3702,3681
276318,Edison,Fresno,CA,Fresno,Fresno,539,741,744,761,779,791,803,803,795,775,757,763,798,832,842,842,846,846,835,829,823,822,822,823,826,827,821,824,831,844,862,882,897,909,915,915,908,897
274256,Lakewood,Sunnyvale,CA,San Jose,Santa Clara,549,3132,3172,3201,3225,3250,3285,3323,3357,3371,3381,3392,3397,3402,3414,3421,3426,3433,3455,3467,3467,3451,3427,3404,3391,3387,3392,3400,3409,3418,3415,3413,3413,3417,3417,3422,3428,3436
417497,Central Sunset,San Francisco,CA,San Francisco,San Francisco,556,3952,4005,4029,4045,4045,4034,4048,4074,4124,4174,4210,4225,4264,4307,4343,4348,4360,4390,4422,4432,4419,4378,4340,4293,4242,4188,4159,4154,4164,4170,4181,4193,4216,4251,4277,4272,4235
274741,North San Jose,San Jose,CA,San Jose,Santa Clara,586,2800,2831,2865,2903,2943,2979,3009,3035,3046,3048,3048,3062,3088,3119,3138,3153,3163,3169,3165,3151,3131,3116,3104,3086,3066,3062,3068,3080,3092,3103,3115,3125,3135,3143,3151,3157,3163
273935,Harder-Tennyson,Hayward,CA,San Francisco,Alameda,593,2117,2159,2186,2215,2238,2261,2276,2292,2306,2320,2338,2362,2392,2427,2446,2458,2459,2471,2482,2502,2518,2531,2533,2533,2535,2550,2555,2557,2562,2580,2608,2647,2677,2698,2708,2718,2728
268114,Downtown,San Francisco,CA,San Francisco,San Francisco,613,3607,3633,3655,3676,3688,3701,3743,3807,3871,3922,3953,3969,4018,4068,4134,4144,4137,4095,4006,3891,3787,3721,3680,3638,3597,3558,3539,3532,3515,3510,3532,3591,3668,3712,3714,3671,3615
268337,Nob Hill,San Francisco,CA,San Francisco,San Francisco,632,4867,4981,5133,5299,5429,5520,5580,5623,5669,5725,5796,5817,5826,5797,5743,5656,5591,5547,5489,5438,5391,5376,5356,5316,5277,5283,5296,5310,5300,5282,5252,5221,5191,5168,5151,5129,5122
268570,Visitacion Valley,San Francisco,CA,San Francisco,San Francisco,637,3187,3221,3273,3330,3398,3448,3483,3521,3588,3658,3718,3758,3770,3768,3751,3750,3750,3746,3732,3711,3702,3702,3702,3693,3677,3662,3651,3625,3601,3602,3628,3653,3651,3622,3592,3560,3547
268591,Weston Ranch,Stockton,CA,Stockton,San Joaquin,643,1378,1382,1384,1385,1393,1406,1417,1423,1420,1410,1401,1397,1400,1416,1430,1446,1456,1466,1479,1498,1517,1531,1540,1545,1549,1555,1557,1558,1558,1558,1560,1568,1585,1605,1622,1631,1637
268396,Parkside,San Francisco,CA,San Francisco,San Francisco,650,3848,3893,3898,3873,3851,3836,3887,3952,4024,4067,4088,4105,4150,4212,4265,4281,4293,4312,4329,4325,4298,4249,4193,4136,4090,4068,4065,4082,4099,4119,4124,4125,4116,4113,4106,4099,4093
268219,Inner Richmond,San Francisco,CA,San Francisco,San Francisco,651,4512,4566,4692,4839,5007,5126,5205,5215,5250,5314,5424,5528,5628,5599,5561,5508,5479,5473,5436,5403,5372,5371,5404,5401,5352,5235,5222,5255,5293,5288,5299,5324,5392,5431,5365,5187,4989
268126,East Sacramento,Sacramento,CA,Sacramento,Sacramento,654,1589,1601,1607,1616,1622,1635,1648,1667,1682,1699,1716,1730,1759,1794,1829,1846,1861,1880,1907,1937,1960,1973,1984,1979,1972,1967,1955,1953,1966,1998,2025,2047,2064,2075,2084,2089,2100
623424,West Murphy,Sunnyvale,CA,San Jose,Santa Clara,655,3077,3105,3129,3155,3180,3211,3250,3290,3314,3317,3324,3333,3351,3367,3386,3405,3423,3435,3436,3431,3418,3402,3386,3370,3362,3360,3367,3383,3404,3430,3455,3474,3486,3494,3502,3506,3507
268491,South of Market,San Francisco,CA,San Francisco,San Francisco,658,4118,4188,4220,4232,4246,4286,4340,4391,4425,4444,4447,4434,4406,4375,4342,4320,4309,4299,4275,4240,4207,4191,4184,4168,4140,4115,4090,4063,4032,4006,4000,4011,4022,4027,4014,3997,3977
115122,Foothill Farms,Sacramento,CA,Sacramento,Sacramento,678,1270,1272,1274,1279,1286,1293,1300,1308,1312,1316,1316,1312,1314,1322,1337,1352,1366,1379,1386,1388,1389,1392,1400,1410,1424,1436,1441,1443,1446,1457,1476,1502,1523,1538,1546,1554,1559
268338,Noe Valley,San Francisco,CA,San Francisco,San Francisco,709,4695,4757,4878,5069,5268,5412,5504,5545,5569,5609,5676,5707,5732,5710,5673,5624,5601,5576,5515,5456,5406,5383,5355,5311,5276,5304,5317,5303,5236,5141,5098,5119,5201,5255,5281,5270,5254
268220,Inner Sunset,San Francisco,CA,San Francisco,San Francisco,711,4210,4242,4296,4370,4464,4541,4619,4672,4752,4834,4929,4995,5079,5100,5102,5071,5046,5050,5046,5026,4978,4914,4862,4808,4760,4707,4713,4737,4765,4761,4750,4734,4747,4780,4780,4722,4621
254627,Washington,Sunnyvale,CA,San Jose,Santa Clara,719,3526,3593,3662,3730,3782,3815,3828,3822,3811,3803,3808,3825,3823,3808,3779,3774,3796,3829,3855,3862,3852,3833,3815,3790,3768,3773,3793,3830,3861,3878,3866,3847,3828,3831,3845,3869,3895
268384,Outer Sunset,San Francisco,CA,San Francisco,San Francisco,727,3765,3795,3789,3782,3781,3806,3855,3921,3978,4001,4000,3990,4005,4043,4083,4104,4140,4186,4225,4224,4184,4127,4072,4012,3967,3957,3958,3952,3940,3925,3921,3921,3921,3919,3919,3927,3957
268001,Ardenwood,Fremont,CA,San Francisco,Alameda,730,2763,2811,2848,2875,2905,2961,3016,3049,3043,3029,3019,3017,3030,3057,3081,3113,3143,3161,3162,3160,3163,3167,3165,3147,3124,3111,3102,3109,3127,3144,3150,3153,3159,3171,3187,3200,3204
623421,Ortega,Sunnyvale,CA,San Jose,Santa Clara,746,3677,3739,3818,3896,3968,4011,4025,4024,4021,4028,4040,4057,4062,4060,4052,4038,4023,4010,4012,4015,4005,3985,3971,3968,3970,3973,3979,3988,4006,4029,4049,4066,4083,4095,4099,4097,4099
623422,De Anza,Sunnyvale,CA,San Jose,Santa Clara,784,4024,4108,4207,4303,4367,4383,4357,4313,4278,4281,4307,4340,4355,4351,4317,4279,4256,4254,4272,4294,4301,4292,4279,4273,4269,4290,4293,4299,4304,4308,4298,4280,4274,4279,4290,4300,4320
117447,Portola,San Francisco,CA,San Francisco,San Francisco,812,3414,3466,3541,3582,3613,3625,3671,3769,3899,4015,4087,4114,4131,4127,4120,4102,4099,4108,4110,4087,4052,4008,3974,3958,3971,3997,4032,4039,4020,4002,3991,3984,3963,3921,3880,3839,3816
268450,Russian Hill,San Francisco,CA,San Francisco,San Francisco,825,5070,5184,5337,5516,5691,5778,5832,5854,5907,5963,6021,6031,6002,5956,5903,5845,5794,5737,5665,5610,5567,5555,5542,5514,5485,5482,5467,5466,5458,5449,5417,5371,5330,5319,5342,5365,5366
273179,Centerville,Fremont,CA,San Francisco,Alameda,831,2270,2283,2313,2356,2404,2452,2501,2544,2575,2590,2606,2628,2652,2671,2677,2691,2720,2753,2768,2766,2759,2754,2746,2733,2724,2734,2753,2767,2773,2777,2783,2799,2819,2845,2858,2862,2861
268577,Weber Ranch,Stockton,CA,Stockton,San Joaquin,839,1320,1333,1340,1344,1349,1352,1357,1358,1355,1348,1345,1344,1349,1362,1375,1387,1396,1402,1409,1416,1423,1430,1433,1435,1437,1445,1446,1450,1454,1458,1466,1477,1496,1517,1541,1560,1570
417517,Outer Parkside,San Francisco,CA,San Francisco,San Francisco,840,3663,3681,3663,3627,3597,3592,3652,3753,3841,3884,3903,3926,3970,4037,4091,4112,4124,4127,4129,4110,4082,4045,4000,3931,3869,3853,3862,3867,3868,3873,3879,3879,3861,3831,3809,3806,3845
268383,Outer Richmond,San Francisco,CA,San Francisco,San Francisco,847,4001,4079,4115,4129,4138,4162,4207,4241,4284,4320,4357,4375,4414,4465,4497,4516,4534,4574,4619,4646,4642,4596,4528,4426,4313,4221,4181,4187,4219,4238,4247,4249,4252,4267,4289,4306,4289
273485,Downtown,Fremont,CA,San Francisco,Alameda,861,2283,2313,2347,2385,2436,2500,2558,2589,2600,2613,2630,2645,2644,2640,2641,2658,2684,2710,2727,2733,2730,2726,2727,2723,2722,2729,2737,2742,2740,2734,2724,2726,2734,2748,2758,2764,2771
273182,Central,Fresno,CA,Fresno,Fresno,890,709,718,734,746,754,769,771,768,750,734,728,747,766,780,785,794,798,796,799,801,803,804,806,808,810,811,820,828,832,834,842,852,861,866,866,864,856
623419,Serra,Sunnyvale,CA,San Jose,Santa Clara,894,4342,4392,4446,4498,4533,4561,4587,4617,4640,4653,4664,4658,4639,4610,4564,4542,4553,4575,4580,4577,4570,4569,4571,4559,4540,4533,4510,4490,4483,4479,4473,4467,4469,4476,4488,4493,4498
114283,Cherryland,Hayward,CA,San Francisco,Alameda,913,2009,2051,2092,2131,2170,2206,2243,2270,2291,2299,2303,2314,2337,2373,2401,2425,2438,2454,2462,2473,2483,2500,2509,2512,2510,2518,2521,2525,2532,2542,2551,2561,2567,2576,2583,2595,2604
273828,Glen Eden,Hayward,CA,San Francisco,Alameda,925,2204,2236,2264,2284,2305,2319,2334,2341,2349,2361,2386,2418,2453,2485,2501,2509,2507,2518,2536,2568,2600,2628,2630,2617,2606,2616,2631,2645,2658,2672,2684,2702,2719,2737,2755,2771,2783
275243,Rose Garden,San Jose,CA,San Jose,Santa Clara,937,3092,3119,3165,3221,3281,3323,3357,3375,3384,3392,3410,3426,3444,3465,3488,3504,3509,3504,3490,3474,3458,3437,3415,3386,3361,3350,3350,3361,3376,3395,3414,3429,3437,3438,3441,3443,3449
268488,South Land Park,Sacramento,CA,Sacramento,Sacramento,954,1566,1584,1596,1602,1604,1607,1618,1635,1653,1662,1665,1662,1663,1670,1677,1686,1696,1704,1711,1720,1729,1736,1744,1750,1756,1765,1771,1777,1783,1787,1788,1793,1803,1825,1849,1863,1870
417220,Creekside - Wagner,Stockton,CA,Stockton,San Joaquin,962,1352,1361,1371,1381,1390,1393,1394,1390,1385,1382,1383,1388,1393,1397,1400,1406,1413,1424,1443,1469,1495,1513,1517,1516,1519,1532,1545,1553,1557,1563,1573,1588,1603,1613,1622,1631,1637
268206,Hayes Valley,San Francisco,CA,San Francisco,San Francisco,989,4522,4611,4707,4790,4881,4946,5011,5061,5109,5135,5152,5141,5119,5122,5102,5081,5053,5040,5031,5007,4972,4929,4887,4812,4731,4678,4640,4627,4637,4654,4677,4689,4697,4700,4716,4736,4757
416876,University,Stockton,CA,Stockton,San Joaquin,1008,1107,1109,1110,1111,1114,1124,1134,1147,1151,1150,1140,1135,1136,1151,1172,1198,1216,1227,1228,1227,1226,1231,1243,1265,1285,1299,1300,1299,1297,1299,1306,1317,1327,1336,1342,1348,1353
274422,Marina,San Francisco,CA,San Francisco,San Francisco,1013,5445,5598,5875,6198,6525,6735,6909,6947,6959,6934,6911,6805,6687,6629,6603,6618,6604,6572,6441,6307,6218,6236,6298,6318,6302,6254,6212,6193,6202,6196,6178,6153,6133,6133,6173,6231,6229
273404,Crocker Amazon,San Francisco,CA,San Francisco,San Francisco,1017,3258,3286,3358,3429,3509,3559,3611,3671,3742,3806,3858,3897,3930,3949,3952,3942,3936,3945,3945,3920,3877,3826,3786,3761,3745,3739,3737,3722,3706,3719,3758,3805,3823,3815,3789,3763,3753
275683,Tennyson-Alquire,Hayward,CA,San Francisco,Alameda,1025,2221,2256,2285,2307,2335,2353,2375,2390,2411,2423,2442,2471,2503,2536,2544,2553,2555,2569,2576,2591,2610,2633,2640,2632,2622,2635,2654,2671,2678,2680,2686,2699,2713,2729,2750,2775,2795
268178,Glenmoor,Fremont,CA,San Francisco,Alameda,1049,2772,2819,2868,2911,2948,2997,3048,3094,3111,3117,3119,3124,3131,3144,3154,3166,3181,3194,3195,3186,3178,3180,3188,3198,3204,3207,3207,3210,3221,3227,3228,3224,3225,3226,3224,3218,3214
268037,Cabrillo,Fremont,CA,San Francisco,Alameda,1053,2549,2578,2597,2617,2644,2684,2744,2805,2852,2871,2883,2885,2900,2907,2922,2938,2967,2989,2992,2986,2975,2963,2951,2941,2942,2961,2972,2982,2986,2992,3000,3010,3025,3044,3064,3073,3074
417501,Lower Pacific Heights,San Francisco,CA,San Francisco,San Francisco,1073,4595,4662,4721,4784,4853,4898,4930,4964,5002,5022,5010,4962,4919,4895,4874,4860,4845,4826,4806,4779,4759,4730,4693,4628,4556,4514,4490,4483,4486,4495,4508,4505,4493,4478,4469,4461,4457
207518,South Beach,San Francisco,CA,San Francisco,San Francisco,1080,4686,4744,4783,4843,4920,4976,4988,4989,4993,5009,5010,4989,4965,4949,4930,4914,4881,4855,4796,4737,4676,4648,4630,4604,4565,4533,4521,4523,4529,4534,4542,4566,4583,4592,4572,4545,4529
268350,Northgate,Fremont,CA,San Francisco,Alameda,1124,2680,2725,2767,2806,2839,2881,2938,2989,3010,3010,3003,3002,3018,3045,3064,3084,3115,3142,3147,3144,3137,3131,3114,3092,3072,3070,3071,3082,3097,3112,3112,3112,3117,3134,3153,3168,3177
115022,Fairview,Hayward,CA,San Francisco,Alameda,1142,2467,2492,2513,2539,2575,2609,2636,2659,2672,2694,2724,2750,2765,2794,2820,2846,2872,2906,2941,2961,2965,2955,2941,2927,2922,2927,2928,2934,2944,2957,2968,2980,2987,2994,3006,3018,3029
417499,Eureka Valley - Dolores Heights - Castro,San Francisco,CA,San Francisco,San Francisco,1148,4848,4915,5049,5243,5440,5583,5679,5717,5738,5764,5820,5847,5872,5857,5810,5757,5733,5718,5666,5630,5594,5592,5581,5542,5490,5468,5447,5407,5337,5248,5218,5248,5336,5389,5419,5400,5369
268201,Haight-Ashbury,San Francisco,CA,San Francisco,San Francisco,1162,4609,4659,4755,4845,4966,5071,5160,5218,5267,5323,5391,5443,5475,5481,5448,5400,5345,5301,5257,5209,5170,5122,5074,5002,4947,4901,4886,4884,4891,4898,4908,4920,4940,4965,4969,4941,4890
417500,Van Ness - Civic Center,San Francisco,CA,San Francisco,San Francisco,1171,3614,3658,3689,3714,3731,3774,3814,3862,3900,3947,3974,3987,4000,4016,4056,4070,4075,4041,3991,3932,3884,3853,3817,3781,3748,3721,3710,3704,3697,3695,3703,3725,3749,3771,3771,3746,3705
268507,Sundale,Fremont,CA,San Francisco,Alameda,1175,2580,2599,2622,2646,2679,2721,2777,2824,2854,2861,2870,2875,2888,2893,2901,2916,2938,2955,2960,2960,2951,2941,2937,2936,2944,2955,2964,2972,2980,2994,3011,3034,3052,3065,3073,3071,3065
268414,Potrero Hill,San Francisco,CA,San Francisco,San Francisco,1186,4439,4535,4651,4771,4875,4938,4990,5019,5054,5080,5107,5105,5111,5119,5097,5063,5056,5075,5087,5068,5020,4963,4925,4884,4820,4776,4700,4648,4603,4581,4578,4604,4647,4683,4708,4707,4714
417496,Mission Terrace,San Francisco,CA,San Francisco,San Francisco,1204,3485,3562,3651,3714,3756,3804,3880,3969,4054,4122,4162,4181,4197,4193,4201,4202,4228,4239,4230,4200,4158,4107,4062,4046,4064,4105,4140,4140,4111,4078,4067,4067,4061,4035,4009,3991,3986
115774,Ingleside,San Francisco,CA,San Francisco,San Francisco,1207,3328,3374,3455,3536,3603,3649,3712,3785,3864,3925,3977,4016,4054,4077,4088,4079,4057,4027,3986,3940,3896,3851,3805,3753,3706,3671,3664,3663,3671,3693,3733,3784,3812,3814,3801,3785,3773
118904,Western Addition,San Francisco,CA,San Francisco,San Francisco,1224,4236,4285,4336,4389,4471,4542,4594,4633,4668,4712,4722,4702,4656,4641,4634,4641,4623,4605,4587,4573,4564,4543,4508,4456,4400,4346,4303,4266,4248,4258,4289,4321,4326,4306,4258,4208,4180
274119,Jackson Triangle,Hayward,CA,San Francisco,Alameda,1226,2088,2126,2147,2170,2199,2228,2253,2282,2308,2336,2354,2371,2389,2428,2449,2463,2456,2457,2461,2477,2492,2503,2510,2519,2526,2550,2558,2560,2560,2568,2583,2600,2607,2614,2625,2643,2664
416878,Fox Creek,Stockton,CA,Stockton,San Joaquin,1236,1083,1087,1090,1092,1093,1099,1109,1121,1132,1140,1140,1139,1130,1124,1123,1129,1143,1159,1170,1177,1183,1195,1214,1233,1244,1252,1255,1257,1258,1261,1269,1277,1286,1292,1291,1293,1301
268382,Outer Mission,San Francisco,CA,San Francisco,San Francisco,1238,3251,3294,3375,3455,3534,3601,3672,3749,3819,3872,3909,3940,3972,3997,3999,3986,3970,3961,3943,3899,3848,3794,3746,3702,3654,3616,3606,3615,3630,3666,3717,3771,3803,3816,3815,3804,3791
343608,Midtown,Palo Alto,CA,San Jose,Santa Clara,1255,5456,5562,5673,5780,5823,5852,5849,5843,5824,5839,5892,5938,5957,5884,5804,5762,5834,5893,5914,5916,5883,5846,5801,5737,5668,5663,5647,5647,5646,5658,5669,5689,5706,5732,5760,5793,5834
276637,Warm Springs,Fremont,CA,San Francisco,Alameda,1272,2945,3008,3058,3110,3159,3232,3286,3328,3350,3374,3407,3428,3443,3429,3417,3419,3441,3458,3456,3455,3453,3450,3442,3420,3392,3369,3351,3346,3357,3380,3404,3431,3456,3483,3485,3476,3462
417522,North Panhandle,San Francisco,CA,San Francisco,San Francisco,1283,4456,4526,4626,4731,4837,4914,4976,5026,5084,5132,5181,5199,5207,5215,5206,5187,5154,5128,5106,5078,5050,5014,4970,4904,4828,4766,4724,4711,4727,4749,4774,4789,4802,4811,4818,4810,4793
416880,Anderson,Stockton,CA,Stockton,San Joaquin,1302,1143,1142,1140,1137,1144,1158,1174,1189,1192,1187,1171,1161,1154,1161,1177,1200,1217,1226,1228,1230,1234,1244,1255,1270,1283,1294,1297,1299,1299,1303,1313,1324,1332,1335,1339,1346,1351
268222,Irvington,Fremont,CA,San Francisco,Alameda,1317,2678,2714,2755,2801,2837,2885,2936,2982,2998,2997,3001,3006,3025,3039,3050,3062,3090,3109,3111,3110,3111,3116,3106,3083,3055,3050,3044,3044,3046,3056,3070,3088,3104,3119,3131,3136,3135
416893,Van Buskirk,Stockton,CA,Stockton,San Joaquin,1328,1187,1193,1194,1191,1190,1196,1208,1224,1235,1241,1239,1239,1235,1245,1256,1272,1280,1282,1280,1278,1279,1286,1299,1316,1328,1337,1341,1343,1348,1354,1361,1369,1375,1383,1387,1393,1400
416875,McKinley Park,Stockton,CA,Stockton,San Joaquin,1379,906,911,921,932,939,949,951,949,940,935,935,940,948,952,956,955,952,950,957,971,997,1022,1039,1054,1071,1091,1112,1126,1134,1144,1155,1167,1175,1178,1175,1173,1174
416879,Tam O'Shanter,Stockton,CA,Stockton,San Joaquin,1394,1176,1178,1177,1177,1180,1188,1198,1205,1206,1199,1187,1178,1170,1176,1192,1215,1230,1237,1238,1235,1238,1247,1263,1279,1291,1299,1301,1301,1302,1309,1321,1334,1343,1350,1354,1360,1367
268200,Grimmer,Fremont,CA,San Francisco,Alameda,1416,2545,2577,2612,2660,2720,2781,2842,2888,2914,2918,2930,2940,2970,2981,3004,3020,3053,3066,3071,3079,3085,3079,3062,3033,3014,3015,3023,3027,3028,3031,3040,3054,3071,3088,3104,3107,3105
268429,Redwood Heights,Oakland,CA,San Francisco,Alameda,1456,2532,2584,2610,2619,2628,2652,2699,2725,2749,2769,2800,2828,2862,2916,2961,3006,3056,3106,3140,3152,3140,3107,3072,3037,3019,3020,3021,3021,3022,3035,3058,3088,3106,3115,3121,3127,3138
275511,Spanos Park East,Stockton,CA,Stockton,San Joaquin,1480,1575,1580,1581,1582,1579,1575,1573,1575,1580,1585,1592,1598,1609,1623,1628,1631,1637,1645,1653,1658,1668,1677,1689,1696,1704,1717,1727,1736,1741,1741,1747,1760,1779,1798,1818,1837,1849
273690,Fairway Park,Hayward,CA,San Francisco,Alameda,1483,2273,2301,2327,2351,2384,2419,2460,2499,2535,2555,2584,2617,2649,2693,2714,2731,2729,2726,2726,2730,2735,2739,2741,2735,2729,2742,2757,2781,2797,2802,2798,2804,2816,2845,2884,2923,2942
268198,Greenhaven,Sacramento,CA,Sacramento,Sacramento,1485,1594,1610,1620,1625,1630,1639,1651,1669,1691,1705,1713,1710,1709,1712,1717,1718,1719,1721,1725,1733,1742,1758,1773,1789,1801,1811,1816,1823,1835,1850,1866,1888,1909,1924,1932,1936,1944
273068,Brookside,Stockton,CA,Stockton,San Joaquin,1490,1734,1733,1727,1723,1724,1733,1741,1747,1746,1740,1737,1731,1733,1740,1754,1774,1794,1814,1827,1842,1856,1871,1883,1891,1891,1882,1876,1885,1904,1926,1950,1974,1997,2015,2026,2030,2028
417527,Silver Terrace,San Francisco,CA,San Francisco,San Francisco,1519,3412,3468,3530,3547,3546,3539,3568,3643,3745,3837,3903,3930,3910,3876,3848,3857,3864,3880,3874,3852,3832,3823,3827,3831,3837,3839,3856,3855,3856,3860,3874,3863,3831,3783,3736,3690,3661
623423,East Murphy,Sunnyvale,CA,San Jose,Santa Clara,1520,3099,3133,3160,3182,3208,3242,3287,3334,3357,3362,3361,3361,3359,3369,3373,3389,3403,3421,3427,3418,3401,3384,3370,3362,3353,3356,3357,3364,3369,3372,3379,3392,3407,3420,3429,3438,3446
115008,Fair Oaks,Stockton,CA,Stockton,San Joaquin,1523,882,889,906,921,935,945,947,945,940,937,938,940,947,947,946,939,934,929,927,931,944,964,983,1003,1022,1037,1050,1060,1071,1090,1111,1129,1138,1141,1143,1145,1148
275302,Santa Clara,Hayward,CA,San Francisco,Alameda,1541,2198,2225,2254,2277,2304,2318,2336,2349,2366,2375,2388,2411,2439,2469,2486,2501,2513,2534,2558,2586,2608,2627,2640,2646,2649,2651,2647,2646,2647,2661,2678,2704,2720,2732,2735,2739,2742
268096,Cow Hollow,San Francisco,CA,San Francisco,San Francisco,1544,5435,5620,5897,6238,6570,6804,6966,7014,7013,6996,7005,6969,6946,6932,6910,6881,6827,6751,6572,6416,6338,6378,6416,6386,6299,6228,6170,6123,6115,6102,6122,6110,6085,6053,6060,6093,6109
268058,Central Davis,Davis,CA,Sacramento,Yolo,1576,2186,2172,2186,2219,2260,2308,2325,2327,2311,2324,2371,2465,2571,2660,2697,2696,2681,2670,2659,2643,2635,2636,2637,2630,2627,2637,2677,2714,2733,2724,2712,2720,2741,2770,2781,2783,2778
416890,Midtown West,Stockton,CA,Stockton,San Joaquin,1612,1042,1050,1056,1062,1068,1076,1082,1089,1093,1097,1095,1095,1097,1102,1111,1127,1149,1170,1181,1185,1187,1196,1211,1229,1242,1252,1260,1266,1267,1268,1274,1282,1287,1291,1292,1295,1301
268177,Glen Park,San Francisco,CA,San Francisco,San Francisco,1613,4290,4385,4509,4660,4800,4920,5027,5119,5187,5257,5337,5360,5360,5294,5232,5170,5168,5173,5162,5144,5111,5067,5011,4938,4867,4849,4808,4764,4711,4657,4625,4617,4646,4660,4665,4651,4660
268336,Niles,Fremont,CA,San Francisco,Alameda,1652,2799,2855,2902,2937,2984,3042,3102,3133,3142,3139,3141,3145,3148,3155,3148,3155,3165,3183,3181,3176,3170,3176,3180,3183,3174,3170,3167,3174,3189,3205,3215,3219,3216,3221,3229,3234,3238
274559,Mission-Foothill,Hayward,CA,San Francisco,Alameda,1677,2151,2184,2202,2224,2244,2267,2289,2316,2337,2349,2357,2371,2393,2431,2457,2478,2489,2506,2520,2534,2547,2558,2566,2571,2569,2580,2582,2589,2595,2607,2621,2636,2646,2653,2663,2676,2694
276457,Mission-Garin,Hayward,CA,San Francisco,Alameda,1706,2059,2102,2120,2132,2159,2195,2233,2260,2287,2311,2329,2348,2371,2410,2436,2454,2454,2459,2456,2464,2468,2478,2482,2484,2483,2496,2505,2513,2519,2529,2540,2553,2559,2563,2569,2580,2595
256657,Lake,San Francisco,CA,San Francisco,San Francisco,1708,5219,5291,5429,5604,5781,5903,6023,6103,6165,6185,6203,6206,6238,6241,6222,6155,6056,5992,5897,5805,5746,5803,5972,6105,6140,6018,5945,5925,5968,6035,6102,6134,6141,6157,6155,6096,5971
267990,Adams Point,Oakland,CA,San Francisco,Alameda,1725,2213,2259,2291,2310,2335,2377,2450,2518,2567,2580,2595,2631,2683,2724,2742,2741,2749,2756,2763,2757,2764,2771,2767,2751,2740,2759,2779,2789,2775,2751,2733,2732,2744,2757,2753,2739,2723
416882,Quail Lakes - Venetian Bridges,Stockton,CA,Stockton,San Joaquin,1741,1315,1330,1338,1342,1346,1347,1350,1352,1352,1347,1341,1342,1349,1360,1372,1384,1395,1406,1417,1429,1445,1461,1469,1473,1477,1488,1496,1502,1508,1519,1530,1538,1545,1558,1571,1585,1591
268250,Land Park,Sacramento,CA,Sacramento,Sacramento,1742,1680,1695,1703,1715,1720,1732,1733,1745,1765,1803,1843,1864,1889,1920,1962,2004,2054,2094,2123,2148,2166,2161,2152,2133,2137,2158,2170,2176,2176,2177,2182,2193,2202,2199,2202,2216,2246
268330,Natomas Park,Sacramento,CA,Sacramento,Sacramento,1745,1785,1791,1794,1797,1801,1808,1815,1823,1827,1831,1833,1835,1841,1851,1856,1861,1864,1868,1869,1875,1891,1909,1925,1933,1935,1939,1939,1941,1953,1971,1996,2013,2023,2032,2048,2062,2077
272852,Havenscourt,Oakland,CA,San Francisco,Alameda,1750,1792,1808,1829,1847,1866,1870,1885,1923,1972,2018,2065,2104,2126,2145,2151,2175,2214,2275,2331,2379,2417,2462,2504,2537,2565,2607,2627,2633,2619,2601,2595,2612,2648,2681,2709,2717,2725
268034,Brookvale,Fremont,CA,San Francisco,Alameda,1762,2833,2892,2943,3003,3066,3116,3151,3169,3181,3187,3196,3211,3223,3234,3237,3246,3262,3286,3309,3320,3319,3316,3319,3322,3323,3327,3328,3331,3338,3345,3339,3328,3317,3317,3316,3313,3318
118842,Waterloo,Stockton,CA,Stockton,San Joaquin,1771,884,895,912,926,937,946,948,949,948,949,950,952,955,953,952,947,941,935,932,935,950,970,989,1010,1031,1051,1070,1084,1096,1113,1133,1151,1156,1154,1150,1150,1154
273307,College-Glen,Sacramento,CA,Sacramento,Sacramento,1775,1468,1469,1474,1477,1481,1485,1496,1508,1520,1524,1529,1535,1544,1551,1560,1568,1580,1589,1591,1589,1587,1591,1596,1600,1604,1613,1621,1627,1631,1638,1650,1663,1676,1685,1691,1696,1700
268517,Telegraph Hill,San Francisco,CA,San Francisco,San Francisco,1780,4908,5019,5154,5304,5404,5446,5452,5482,5526,5568,5595,5576,5601,5613,5613,5560,5527,5479,5419,5348,5315,5291,5255,5169,5071,5018,4974,4979,5002,5031,5051,5046,5036,5041,5087,5139,5147
416974,Central,San Mateo,CA,San Francisco,San Mateo,1808,3159,3213,3259,3318,3385,3426,3439,3438,3446,3467,3493,3516,3521,3512,3491,3476,3479,3492,3506,3514,3520,3519,3522,3514,3507,3513,3522,3530,3533,3542,3560,3582,3597,3607,3614,3614,3627
268078,Cleveland Heights,Oakland,CA,San Francisco,Alameda,1812,2493,2560,2598,2618,2628,2659,2703,2771,2827,2864,2881,2909,2959,3015,3059,3079,3104,3119,3130,3130,3129,3124,3108,3092,3073,3069,3064,3070,3084,3102,3118,3127,3134,3143,3139,3138,3134
416892,Gleason Park,Stockton,CA,Stockton,San Joaquin,1818,880,894,911,923,930,937,937,937,931,927,924,924,927,924,923,918,915,912,916,923,944,970,992,1013,1030,1049,1067,1084,1095,1109,1123,1138,1144,1144,1143,1144,1146
227971,Lone Mountain,San Francisco,CA,San Francisco,San Francisco,1829,4463,4544,4672,4783,4907,4984,5067,5104,5173,5245,5357,5464,5542,5523,5467,5407,5367,5360,5344,5329,5297,5270,5242,5182,5128,5053,5081,5135,5182,5188,5193,5212,5241,5263,5240,5148,5024
117724,Robla,Sacramento,CA,Sacramento,Sacramento,1844,1293,1301,1310,1316,1320,1324,1328,1330,1329,1329,1331,1335,1343,1355,1369,1384,1398,1408,1417,1422,1427,1427,1430,1436,1443,1449,1453,1455,1460,1472,1493,1521,1550,1572,1585,1590,1594
274872,Oceanview,San Francisco,CA,San Francisco,San Francisco,1857,3242,3258,3332,3412,3502,3548,3595,3645,3721,3784,3837,3879,3928,3971,3982,3974,3944,3923,3889,3845,3797,3744,3693,3641,3594,3568,3560,3565,3565,3590,3624,3681,3706,3715,3718,3718,3715
268494,South Sundale,Fremont,CA,San Francisco,Alameda,1862,2554,2566,2587,2623,2675,2731,2784,2819,2843,2850,2866,2877,2889,2881,2880,2885,2906,2928,2943,2955,2958,2950,2946,2942,2951,2959,2973,2985,2996,3002,3013,3033,3058,3079,3081,3066,3049
273287,Clinton,Oakland,CA,San Francisco,Alameda,1863,2039,2077,2108,2145,2188,2238,2296,2366,2432,2471,2487,2511,2569,2635,2690,2703,2700,2693,2699,2711,2732,2762,2788,2807,2819,2821,2829,2841,2860,2886,2903,2915,2907,2897,2868,2847,2830
268026,Blacow,Fremont,CA,San Francisco,Alameda,1874,2627,2667,2711,2761,2808,2851,2905,2951,2988,3007,3019,3020,3023,3033,3046,3070,3106,3140,3149,3146,3136,3128,3121,3114,3108,3109,3103,3093,3087,3087,3093,3102,3112,3128,3144,3153,3154
417507,Ingleside Heights,San Francisco,CA,San Francisco,San Francisco,1915,3230,3248,3321,3394,3457,3499,3525,3563,3620,3683,3737,3772,3792,3801,3793,3780,3758,3739,3708,3660,3612,3571,3535,3502,3472,3457,3469,3497,3524,3541,3548,3561,3568,3570,3573,3567,3559
268309,Mission San Jose,Fremont,CA,San Francisco,Alameda,1918,3944,3978,3989,4014,4042,4104,4169,4227,4259,4290,4334,4398,4455,4428,4407,4421,4543,4635,4678,4671,4637,4590,4543,4504,4480,4504,4496,4471,4441,4428,4424,4408,4382,4373,4382,4396,4397
268310,Mission Valley,Fremont,CA,San Francisco,Alameda,1937,4209,4246,4261,4302,4341,4414,4479,4529,4548,4560,4586,4627,4671,4596,4534,4501,4593,4661,4692,4709,4714,4724,4728,4711,4682,4682,4680,4681,4676,4683,4681,4656,4612,4573,4549,4531,4514
268391,Stockton Metropolitan Airport,Stockton,CA,Stockton,San Joaquin,1943,1106,1109,1109,1104,1107,1121,1142,1159,1164,1160,1153,1150,1149,1160,1171,1188,1200,1210,1212,1210,1213,1225,1240,1257,1272,1286,1293,1296,1293,1289,1286,1288,1292,1296,1299,1301,1307
274184,Kimber-Gomes,Fremont,CA,San Francisco,Alameda,1955,4368,4406,4413,4430,4440,4488,4541,4586,4609,4634,4679,4750,4826,4767,4737,4721,4838,4907,4935,4928,4907,4892,4887,4872,4845,4835,4832,4844,4858,4881,4890,4868,4824,4771,4724,4683,4652
276423,Lincoln Village West,Stockton,CA,Stockton,San Joaquin,1987,1323,1337,1348,1355,1365,1372,1376,1377,1376,1375,1370,1373,1378,1386,1392,1398,1408,1422,1437,1450,1464,1477,1494,1514,1535,1552,1562,1564,1561,1559,1565,1577,1587,1593,1597,1603,1610
268405,Piedmont Avenue,Oakland,CA,San Francisco,Alameda,2007,2496,2518,2508,2498,2521,2575,2678,2794,2887,2916,2918,2927,2958,2985,3006,3012,3021,3023,3022,3016,3020,3014,3007,2987,2975,2974,2982,2994,2996,3001,2994,2991,2983,2991,2984,2966,2936
268395,Parkmont,Fremont,CA,San Francisco,Alameda,2008,2721,2769,2817,2860,2899,2947,3001,3042,3058,3065,3077,3087,3092,3097,3094,3106,3130,3156,3162,3160,3157,3156,3147,3133,3117,3117,3114,3119,3130,3138,3140,3144,3153,3166,3174,3178,3179
268500,Spanos Park West,Stockton,CA,Stockton,San Joaquin,2009,1645,1660,1675,1688,1693,1695,1692,1687,1680,1677,1680,1688,1700,1713,1733,1750,1764,1768,1774,1786,1802,1818,1828,1831,1829,1821,1816,1820,1844,1877,1916,1946,1971,1987,1994,1999,2002
417219,Ponce de Leon,Stockton,CA,Stockton,San Joaquin,2026,1157,1154,1151,1151,1161,1176,1191,1204,1209,1206,1199,1195,1191,1197,1208,1227,1238,1240,1237,1233,1236,1247,1260,1276,1287,1298,1301,1302,1301,1305,1314,1324,1331,1334,1336,1341,1349
268295,Midtown - Winn Park Capital Avenue,Sacramento,CA,Sacramento,Sacramento,2038,1289,1297,1309,1320,1330,1342,1354,1365,1366,1367,1377,1397,1419,1436,1448,1466,1483,1498,1506,1507,1519,1539,1558,1558,1553,1553,1564,1576,1587,1598,1615,1634,1654,1665,1675,1672,1670
276428,Longwood-Winton Grove,Hayward,CA,San Francisco,Alameda,2048,2121,2163,2191,2218,2239,2259,2279,2307,2335,2356,2371,2389,2405,2434,2450,2465,2470,2484,2500,2520,2533,2541,2546,2550,2557,2577,2589,2596,2604,2619,2634,2655,2666,2678,2691,2707,2723
275481,Southgate,Hayward,CA,San Francisco,Alameda,2084,2213,2242,2272,2293,2318,2338,2361,2375,2386,2398,2417,2448,2475,2502,2508,2513,2514,2531,2555,2593,2628,2655,2665,2658,2658,2671,2686,2698,2706,2716,2726,2740,2754,2774,2797,2818,2830
416978,San Mateo Heights,San Mateo,CA,San Francisco,San Mateo,2107,3134,3195,3233,3273,3301,3330,3349,3370,3388,3417,3444,3454,3444,3424,3412,3409,3419,3425,3427,3430,3429,3424,3426,3422,3420,3424,3426,3435,3448,3455,3462,3469,3477,3478,3479,3482,3498
275594,Stonewood,Stockton,CA,Stockton,San Joaquin,2108,1284,1287,1291,1302,1316,1328,1334,1338,1334,1324,1311,1306,1314,1328,1339,1348,1357,1367,1376,1385,1391,1395,1396,1403,1416,1436,1453,1463,1469,1473,1480,1488,1497,1512,1531,1549,1555
116918,North Beach,San Francisco,CA,San Francisco,San Francisco,2127,4657,4795,4918,5012,5073,5129,5199,5263,5318,5349,5385,5379,5395,5384,5349,5272,5230,5179,5116,5062,5020,5000,4972,4912,4821,4789,4771,4789,4797,4771,4729,4657,4622,4623,4672,4724,4758
416886,Kentfield,Stockton,CA,Stockton,San Joaquin,2133,964,966,964,961,962,979,1010,1035,1052,1048,1041,1023,1019,1030,1058,1078,1094,1101,1103,1112,1125,1143,1157,1178,1196,1210,1218,1230,1238,1242,1245,1248,1247,1243,1241,1244,1247
416975,South Shoreview,San Mateo,CA,San Francisco,San Mateo,2134,3187,3251,3296,3350,3407,3437,3456,3469,3491,3515,3533,3535,3526,3537,3535,3543,3558,3588,3611,3632,3637,3633,3616,3598,3587,3610,3606,3605,3597,3596,3594,3609,3632,3667,3700,3733,3754
416881,Parkwoods,Stockton,CA,Stockton,San Joaquin,2175,1276,1286,1298,1310,1321,1331,1338,1340,1338,1333,1327,1328,1335,1341,1348,1358,1370,1381,1387,1392,1397,1403,1408,1415,1426,1436,1446,1450,1454,1458,1471,1485,1500,1513,1525,1534,1531
268541,Upper Dimond,Oakland,CA,San Francisco,Alameda,2180,2539,2577,2598,2606,2626,2671,2742,2793,2830,2845,2875,2896,2931,2968,3010,3046,3078,3099,3099,3092,3079,3061,3040,3024,3018,3023,3036,3052,3078,3121,3167,3195,3198,3182,3160,3137,3128
268102,Curtis Park,Sacramento,CA,Sacramento,Sacramento,2224,1580,1593,1600,1609,1616,1628,1629,1637,1641,1661,1677,1683,1691,1716,1743,1765,1776,1786,1798,1820,1841,1844,1840,1832,1848,1880,1900,1902,1903,1917,1937,1963,1981,1990,2002,2017,2046
275937,Webster,Oakland,CA,San Francisco,Alameda,2226,1758,1765,1767,1779,1799,1818,1829,1847,1869,1901,1944,1986,2027,2058,2077,2104,2138,2188,2236,2284,2327,2368,2402,2428,2453,2482,2505,2517,2520,2519,2527,2537,2549,2554,2561,2562,2566
274618,Mt Eden,Hayward,CA,San Francisco,Alameda,2241,2378,2407,2421,2433,2450,2473,2493,2504,2508,2512,2534,2559,2581,2609,2647,2695,2749,2790,2829,2858,2880,2887,2881,2861,2845,2853,2862,2872,2874,2874,2882,2898,2919,2940,2964,2982,2987
268544,Upper Rockridge,Oakland,CA,San Francisco,Alameda,2248,4393,4429,4461,4515,4574,4649,4750,4842,4917,4945,4967,4980,4983,4960,4933,4945,5000,5057,5070,5052,5026,5016,5043,5059,5058,5046,5043,5032,5028,5012,5001,4976,4951,4908,4867,4827,4824
416885,Weberstown,Stockton,CA,Stockton,San Joaquin,2288,938,949,962,970,976,981,997,1016,1033,1042,1036,1024,1025,1035,1067,1074,1080,1078,1078,1080,1091,1110,1123,1133,1141,1157,1168,1181,1191,1200,1212,1218,1214,1199,1190,1193,1198
268279,Maxwell Park,Oakland,CA,San Francisco,Alameda,2301,2222,2245,2273,2319,2372,2418,2448,2466,2483,2496,2514,2521,2543,2575,2614,2645,2704,2764,2834,2882,2905,2908,2906,2912,2925,2954,2958,2953,2930,2916,2906,2919,2933,2959,2980,2999,3011
623420,Raynor,Sunnyvale,CA,San Jose,Santa Clara,2320,3535,3594,3658,3710,3765,3809,3838,3854,3867,3880,3896,3909,3916,3919,3925,3939,3949,3948,3936,3925,3916,3909,3905,3885,3865,3858,3876,3906,3931,3941,3939,3947,3955,3964,3968,3971,3977
268174,Gateway West,Sacramento,CA,Sacramento,Sacramento,2322,1567,1578,1586,1593,1595,1598,1604,1612,1619,1620,1621,1624,1636,1650,1664,1675,1682,1687,1692,1697,1706,1715,1717,1715,1715,1723,1737,1753,1769,1783,1799,1815,1831,1844,1854,1862,1865
268239,La Morada,Stockton,CA,Stockton,San Joaquin,2333,1541,1545,1538,1533,1526,1520,1514,1514,1522,1533,1548,1564,1581,1598,1601,1603,1605,1610,1615,1621,1628,1633,1639,1641,1641,1650,1660,1670,1678,1684,1691,1705,1721,1738,1749,1756,1766
275886,Vineyards-Avalon,Fremont,CA,San Francisco,Alameda,2342,6405,6464,6486,6519,6556,6642,6734,6811,6841,6856,6881,6902,6903,6836,6775,6756,6817,6874,6887,6854,6798,6762,6774,6796,6816,6820,6814,6797,6790,6791,6789,6764,6718,6664,6607,6558,6532
275543,St. Elizabeth,Oakland,CA,San Francisco,Alameda,2348,1854,1893,1929,1952,1980,2024,2069,2113,2138,2157,2173,2198,2243,2299,2356,2407,2443,2469,2485,2497,2520,2561,2600,2621,2627,2636,2638,2647,2657,2671,2697,2739,2782,2816,2822,2829,2822
276530,Meadow Brook,Oakland,CA,San Francisco,Alameda,2357,1901,1953,1994,2016,2059,2113,2177,2230,2269,2298,2311,2325,2353,2398,2450,2501,2541,2569,2589,2602,2616,2636,2660,2677,2686,2694,2696,2700,2702,2707,2726,2778,2833,2878,2888,2893,2888
273232,Cherry-Guardino,Fremont,CA,San Francisco,Alameda,2383,2386,2408,2432,2458,2483,2512,2541,2562,2570,2577,2589,2611,2631,2652,2662,2675,2696,2713,2724,2720,2718,2718,2722,2720,2716,2721,2720,2716,2712,2712,2712,2712,2710,2716,2731,2747,2759
273951,Hayward Highland,Hayward,CA,San Francisco,Alameda,2389,2751,2786,2794,2803,2817,2844,2876,2917,2959,2998,3022,3045,3069,3119,3169,3216,3243,3262,3265,3265,3257,3249,3241,3235,3234,3230,3225,3225,3244,3277,3310,3330,3339,3347,3357,3364,3362
113700,Belle Haven,Menlo Park,CA,San Francisco,San Mateo,2390,3064,3134,3184,3215,3226,3224,3235,3278,3345,3405,3441,3472,3523,3547,3569,3558,3561,3556,3563,3576,3591,3597,3578,3550,3534,3549,3590,3630,3655,3680,3701,3719,3725,3716,3699,3684,3679
415247,Sunnyside,San Francisco,CA,San Francisco,San Francisco,2410,3621,3690,3770,3827,3843,3853,3892,3963,4035,4106,4151,4172,4191,4203,4223,4228,4243,4249,4239,4218,4193,4173,4167,4174,4181,4186,4167,4139,4109,4088,4088,4095,4098,4082,4066,4053,4051
753708,Baywood,San Mateo,CA,San Francisco,San Mateo,2415,5178,5204,5243,5263,5303,5323,5357,5403,5438,5463,5441,5424,5455,5468,5495,5506,5532,5545,5541,5529,5503,5474,5425,5369,5314,5286,5288,5324,5339,5357,5357,5345,5323,5287,5242,5188,5145
272806,Arroyo Viejo,Oakland,CA,San Francisco,Alameda,2423,1752,1754,1762,1783,1809,1827,1835,1859,1892,1935,1982,2024,2061,2092,2110,2138,2175,2229,2278,2320,2351,2390,2427,2461,2490,2527,2550,2559,2553,2539,2539,2548,2571,2584,2597,2599,2608
273836,Glenview,Oakland,CA,San Francisco,Alameda,2451,2914,2931,2910,2908,2941,3017,3112,3198,3265,3297,3329,3340,3338,3335,3362,3420,3481,3506,3509,3489,3453,3389,3323,3264,3253,3276,3301,3319,3344,3377,3407,3405,3393,3373,3372,3373,3373
268416,Prescott,Oakland,CA,San Francisco,Alameda,2474,2331,2398,2450,2500,2534,2570,2610,2678,2749,2814,2851,2879,2904,2916,2922,2919,2926,2932,2935,2925,2914,2906,2894,2884,2881,2886,2899,2914,2930,2950,2973,2989,2991,2982,2964,2950,2935
274853,Oakland Ave-Harrison St,Oakland,CA,San Francisco,Alameda,2478,2264,2302,2328,2347,2382,2422,2502,2580,2650,2673,2683,2705,2744,2780,2807,2820,2831,2838,2834,2820,2814,2820,2820,2812,2808,2818,2837,2850,2851,2851,2850,2859,2864,2871,2857,2839,2813
268426,Rancho San Antonio,Oakland,CA,San Francisco,Alameda,2487,1960,2012,2060,2095,2140,2186,2229,2276,2312,2334,2337,2348,2380,2431,2483,2529,2556,2576,2590,2595,2605,2627,2657,2682,2695,2703,2705,2711,2717,2733,2760,2810,2852,2881,2870,2864,2857
115216,Fruitridge Manor,Sacramento,CA,Sacramento,Sacramento,2488,1124,1131,1139,1149,1160,1167,1172,1179,1184,1188,1193,1198,1210,1224,1236,1244,1248,1249,1249,1253,1260,1267,1273,1277,1283,1296,1308,1323,1335,1348,1362,1376,1384,1392,1409,1425,1436
416989,San Mateo Village,San Mateo,CA,San Francisco,San Mateo,2508,3459,3491,3520,3549,3582,3611,3636,3660,3670,3680,3704,3740,3778,3815,3817,3824,3835,3859,3868,3870,3858,3840,3821,3796,3779,3782,3790,3802,3808,3815,3820,3833,3839,3843,3846,3852,3869
274246,Lakeshore,San Francisco,CA,San Francisco,San Francisco,2531,3973,4027,4040,4028,4022,4020,4082,4151,4221,4269,4315,4360,4414,4480,4530,4559,4571,4570,4571,4571,4575,4555,4525,4458,4356,4271,4209,4206,4236,4279,4318,4346,4367,4382,4399,4401,4411
273788,Fremont,Oakland,CA,San Francisco,Alameda,2543,1839,1881,1916,1941,1969,2011,2062,2111,2139,2147,2153,2172,2212,2268,2314,2360,2397,2432,2452,2472,2502,2549,2596,2623,2631,2641,2638,2640,2644,2650,2661,2684,2716,2750,2765,2776,2780
268060,Central Oak Park,Sacramento,CA,Sacramento,Sacramento,2560,1034,1040,1048,1058,1069,1079,1090,1103,1114,1121,1127,1135,1149,1166,1182,1195,1205,1217,1226,1236,1246,1255,1264,1271,1277,1286,1292,1303,1316,1333,1353,1368,1380,1385,1390,1393,1397
268464,Seminary,Oakland,CA,San Francisco,Alameda,2582,1760,1776,1799,1822,1845,1860,1881,1919,1963,1998,2033,2067,2100,2129,2155,2187,2224,2270,2310,2338,2360,2399,2444,2487,2519,2554,2574,2589,2587,2581,2576,2588,2610,2626,2635,2633,2627
273863,Grand Lake,Oakland,CA,San Francisco,Alameda,2603,2317,2350,2373,2381,2402,2442,2511,2573,2618,2628,2642,2674,2720,2750,2766,2765,2776,2785,2784,2778,2775,2780,2774,2765,2763,2775,2798,2821,2836,2844,2850,2862,2875,2887,2878,2860,2839
276062,Whitman-Mocine,Hayward,CA,San Francisco,Alameda,2613,2258,2282,2299,2315,2339,2354,2373,2386,2402,2411,2426,2449,2477,2518,2538,2560,2572,2593,2614,2638,2659,2668,2659,2644,2628,2631,2632,2640,2649,2665,2682,2705,2717,2720,2723,2740,2766
268579,Weibel,Fremont,CA,San Francisco,Alameda,2616,4591,4623,4630,4656,4692,4770,4845,4900,4915,4924,4935,4960,4978,4886,4823,4807,4916,5003,5045,5063,5069,5082,5101,5104,5098,5110,5122,5132,5134,5136,5121,5072,5001,4937,4893,4863,4844
268559,Village 11,Sacramento,CA,Sacramento,Sacramento,2618,1489,1494,1502,1506,1515,1522,1530,1534,1540,1543,1550,1556,1569,1578,1594,1603,1610,1613,1616,1619,1624,1631,1641,1649,1654,1655,1659,1665,1677,1696,1720,1742,1757,1759,1756,1751,1750
416877,Colonial Heights,Stockton,CA,Stockton,San Joaquin,2635,1242,1241,1242,1245,1252,1259,1265,1273,1276,1277,1275,1278,1289,1303,1320,1331,1343,1348,1352,1356,1364,1371,1377,1386,1400,1414,1418,1413,1409,1417,1432,1449,1464,1475,1484,1490,1493
115447,Hagginwood,Sacramento,CA,Sacramento,Sacramento,2639,1099,1106,1118,1130,1143,1154,1167,1179,1186,1189,1195,1203,1210,1215,1214,1216,1218,1227,1234,1242,1251,1259,1265,1268,1277,1288,1299,1308,1320,1333,1347,1362,1370,1374,1381,1390,1399
343944,North Central,San Mateo,CA,San Francisco,San Mateo,2644,2514,2529,2539,2547,2558,2583,2614,2651,2687,2734,2793,2832,2859,2874,2878,2874,2873,2866,2853,2855,2868,2896,2915,2928,2936,2951,2949,2938,2930,2914,2895,2872,2857,2850,2859,2870,2884
275827,Upper B Street,Hayward,CA,San Francisco,Alameda,2663,2093,2129,2156,2185,2219,2250,2275,2297,2314,2324,2331,2346,2372,2410,2439,2461,2473,2492,2505,2516,2522,2530,2534,2534,2531,2542,2548,2555,2565,2577,2588,2598,2603,2613,2620,2634,2646
268485,South Hagginwood,Sacramento,CA,Sacramento,Sacramento,2689,1028,1036,1046,1060,1068,1075,1088,1103,1116,1124,1129,1132,1137,1148,1162,1171,1179,1186,1194,1201,1212,1222,1233,1239,1246,1251,1255,1265,1278,1297,1313,1326,1332,1333,1337,1341,1348
417495,Parnassus - Ashbury,San Francisco,CA,San Francisco,San Francisco,2707,5137,5168,5294,5471,5705,5866,5987,6024,6056,6115,6221,6335,6425,6446,6405,6344,6297,6273,6204,6137,6051,6016,5973,5893,5786,5722,5702,5670,5611,5521,5484,5502,5570,5606,5593,5537,5479
417515,Inner Parkside,San Francisco,CA,San Francisco,San Francisco,2711,4062,4095,4108,4119,4160,4194,4266,4346,4454,4550,4609,4642,4662,4695,4697,4717,4711,4733,4735,4734,4699,4641,4592,4537,4487,4471,4473,4484,4480,4471,4456,4436,4418,4409,4409,4407,4400
273092,Burbank,Hayward,CA,San Francisco,Alameda,2713,2195,2223,2252,2284,2311,2333,2354,2375,2389,2396,2400,2418,2445,2481,2503,2530,2557,2588,2609,2626,2639,2649,2652,2652,2647,2655,2660,2666,2671,2681,2692,2707,2711,2716,2719,2729,2742
268116,Downtown,Sacramento,CA,Sacramento,Sacramento,2718,1394,1416,1415,1407,1399,1398,1401,1418,1438,1459,1473,1486,1510,1532,1565,1591,1622,1641,1651,1647,1637,1635,1634,1635,1632,1643,1647,1648,1648,1655,1667,1678,1691,1701,1710,1712,1716
268565,Village 9,Sacramento,CA,Sacramento,Sacramento,2755,1579,1603,1624,1644,1659,1667,1672,1672,1673,1674,1684,1694,1708,1717,1720,1715,1714,1717,1725,1737,1750,1763,1764,1763,1761,1770,1776,1785,1792,1805,1815,1830,1846,1863,1877,1888,1899
268490,South Oak Park,Sacramento,CA,Sacramento,Sacramento,2767,1041,1041,1042,1051,1060,1070,1081,1095,1105,1111,1116,1119,1130,1147,1165,1177,1186,1194,1201,1208,1218,1226,1232,1236,1241,1249,1253,1264,1279,1296,1314,1327,1341,1350,1360,1366,1369
268248,Lakes and Birds,Fremont,CA,San Francisco,Alameda,2780,2663,2716,2761,2792,2817,2841,2890,2943,2985,2995,2991,2988,2999,3010,3023,3044,3084,3120,3130,3127,3115,3110,3105,3096,3082,3085,3084,3092,3106,3131,3149,3156,3155,3162,3173,3184,3195
268483,Southeast Village,Sacramento,CA,Sacramento,Sacramento,2787,1305,1314,1321,1329,1337,1342,1344,1343,1341,1339,1338,1341,1351,1373,1397,1418,1432,1442,1446,1447,1448,1452,1458,1470,1483,1495,1498,1498,1498,1501,1515,1541,1574,1604,1623,1633,1635
268600,Willowcreek,Sacramento,CA,Sacramento,Sacramento,2801,1664,1664,1667,1676,1684,1689,1691,1693,1694,1698,1706,1719,1737,1756,1771,1782,1790,1799,1809,1822,1835,1841,1839,1833,1829,1834,1835,1841,1853,1873,1898,1921,1944,1960,1975,1984,1992
115629,Northeast Hillsdale,San Mateo,CA,San Francisco,San Mateo,2840,3951,4025,4112,4188,4264,4302,4315,4318,4326,4342,4370,4385,4395,4363,4348,4349,4363,4370,4369,4366,4365,4365,4374,4388,4388,4390,4387,4404,4411,4432,4440,4434,4412,4379,4350,4311,4285
272751,Allendale,Oakland,CA,San Francisco,Alameda,2864,1823,1860,1891,1920,1969,2028,2093,2137,2162,2168,2172,2185,2228,2296,2356,2405,2441,2477,2510,2546,2580,2612,2638,2638,2621,2619,2610,2611,2616,2619,2625,2637,2654,2683,2702,2729,2745
416992,Twenty-Fifth Ave,San Mateo,CA,San Francisco,San Mateo,2876,3354,3402,3448,3499,3562,3609,3646,3661,3671,3686,3706,3727,3723,3716,3697,3710,3738,3770,3773,3759,3733,3715,3699,3683,3672,3677,3690,3701,3709,3711,3714,3722,3721,3716,3711,3710,3725
268345,North Oak Park,Sacramento,CA,Sacramento,Sacramento,2899,1172,1178,1188,1202,1217,1230,1241,1243,1240,1236,1245,1262,1285,1296,1306,1318,1334,1346,1357,1367,1375,1379,1387,1399,1418,1438,1454,1466,1477,1493,1513,1539,1567,1585,1595,1596,1595
417520,Jordan Park - Laurel Heights,San Francisco,CA,San Francisco,San Francisco,2918,5180,5269,5518,5785,6033,6230,6396,6488,6476,6462,6519,6569,6604,6522,6430,6336,6277,6255,6160,6047,5972,6025,6133,6187,6172,6050,6003,5952,5948,5959,6023,6085,6128,6119,6026,5867,5712
268301,Millsmont,Oakland,CA,San Francisco,Alameda,2945,1967,2016,2069,2133,2185,2235,2280,2315,2330,2330,2334,2353,2378,2406,2427,2455,2501,2553,2599,2629,2654,2679,2701,2716,2727,2750,2753,2743,2730,2721,2720,2737,2769,2814,2846,2863,2866
268303,Miraloma Park,San Francisco,CA,San Francisco,San Francisco,2950,4046,4112,4186,4248,4297,4313,4357,4423,4491,4548,4577,4597,4609,4616,4606,4588,4572,4559,4544,4522,4518,4519,4517,4494,4458,4442,4418,4401,4385,4385,4385,4376,4359,4331,4305,4282,4283
268130,Eastmont Hills,Oakland,CA,San Francisco,Alameda,2982,2096,2132,2171,2217,2255,2293,2330,2363,2382,2385,2395,2413,2442,2473,2499,2525,2572,2621,2669,2704,2729,2748,2761,2766,2769,2790,2793,2789,2778,2768,2764,2775,2798,2830,2854,2874,2887
268209,Highland Terrace,Oakland,CA,San Francisco,Alameda,2992,1962,2023,2072,2110,2155,2208,2260,2307,2341,2359,2356,2352,2372,2418,2471,2516,2543,2564,2580,2594,2615,2648,2681,2708,2723,2733,2737,2743,2749,2759,2783,2830,2872,2906,2911,2916,2912
268564,Village 7,Sacramento,CA,Sacramento,Sacramento,3000,1772,1785,1790,1796,1804,1812,1817,1821,1823,1825,1827,1830,1839,1848,1851,1849,1859,1872,1883,1892,1901,1912,1922,1931,1942,1960,1972,1987,2001,2013,2019,2019,2018,2020,2036,2058,2081
268011,Avondale,Sacramento,CA,Sacramento,Sacramento,3027,1178,1190,1201,1210,1217,1222,1225,1225,1226,1224,1225,1231,1244,1255,1263,1268,1270,1272,1276,1281,1289,1293,1295,1301,1316,1332,1344,1352,1363,1379,1397,1415,1428,1439,1446,1457,1462
276365,Harrington,Oakland,CA,San Francisco,Alameda,3043,1833,1878,1914,1935,1974,2027,2085,2132,2159,2174,2185,2204,2242,2301,2355,2406,2444,2480,2510,2537,2570,2606,2640,2647,2634,2636,2632,2642,2650,2657,2662,2683,2712,2751,2775,2798,2810
268419,Presidio Heights,San Francisco,CA,San Francisco,San Francisco,3047,10359,10287,10328,10429,10651,10837,11144,11315,11451,11497,11709,11927,12076,12158,12141,12088,11853,11767,11625,11517,11492,11557,11620,11692,11785,11792,11936,12098,12172,12093,11951,11888,11723,11564,11347,11190,11015
268305,Mission Bay,San Francisco,CA,San Francisco,San Francisco,3088,4667,4727,4811,4952,5085,5211,5293,5356,5390,5417,5401,5347,5298,5238,5166,5075,5015,4980,4947,4910,4861,4832,4818,4808,4786,4789,4772,4751,4727,4707,4705,4718,4742,4772,4786,4802,4807
275331,Sequoyah,Oakland,CA,San Francisco,Alameda,3095,2675,2726,2742,2759,2774,2786,2810,2824,2850,2879,2925,2966,3008,3062,3114,3155,3193,3237,3283,3309,3311,3301,3279,3260,3240,3218,3199,3195,3237,3276,3301,3304,3305,3294,3277,3259,3260
268062,Chabot Park,Oakland,CA,San Francisco,Alameda,3103,2688,2734,2744,2753,2760,2770,2797,2819,2851,2880,2917,2951,2997,3061,3130,3186,3246,3305,3343,3349,3320,3284,3253,3242,3235,3220,3204,3201,3235,3270,3293,3301,3312,3309,3298,3276,3276
268041,Cameron Hills,Fremont,CA,San Francisco,Alameda,3111,4708,4733,4727,4739,4757,4825,4896,4956,4985,5013,5063,5133,5198,5180,5169,5184,5280,5356,5394,5405,5388,5367,5341,5310,5273,5259,5246,5241,5243,5251,5260,5248,5221,5190,5165,5142,5114
268095,Covell Park,Davis,CA,Sacramento,Yolo,3119,1863,1870,1878,1881,1896,1905,1908,1894,1878,1875,1877,1897,1921,1968,2025,2066,2069,2061,2056,2060,2076,2104,2144,2192,2237,2265,2283,2295,2308,2342,2366,2393,2405,2410,2394,2382,2383
268340,North City Farms,Sacramento,CA,Sacramento,Sacramento,3132,1086,1094,1098,1107,1119,1135,1150,1159,1161,1160,1165,1174,1193,1213,1228,1236,1242,1246,1253,1263,1274,1280,1285,1288,1293,1300,1309,1325,1338,1351,1365,1386,1407,1425,1441,1451,1458
275678,Temescal,Oakland,CA,San Francisco,Alameda,3135,2792,2875,2904,2925,2949,2997,3064,3147,3228,3278,3318,3343,3363,3348,3340,3338,3381,3420,3456,3458,3440,3402,3358,3308,3272,3262,3254,3253,3267,3305,3345,3367,3366,3353,3345,3331,3319
273394,Creekside,Sacramento,CA,Sacramento,Sacramento,3150,1516,1526,1537,1554,1570,1581,1589,1594,1596,1595,1594,1597,1614,1631,1643,1641,1637,1637,1643,1652,1663,1675,1684,1690,1694,1704,1719,1734,1744,1752,1765,1784,1803,1817,1826,1830,1837
268122,East Del Paso Heights,Sacramento,CA,Sacramento,Sacramento,3153,1027,1034,1044,1055,1062,1068,1081,1094,1100,1105,1108,1116,1129,1142,1157,1168,1179,1188,1194,1197,1203,1211,1219,1223,1230,1237,1245,1255,1267,1284,1302,1319,1330,1331,1335,1336,1338
343613,Barron Park,Palo Alto,CA,San Jose,Santa Clara,3159,6065,6176,6304,6455,6583,6678,6723,6716,6692,6693,6718,6729,6720,6603,6501,6424,6479,6526,6546,6551,6516,6472,6460,6471,6496,6529,6528,6520,6496,6492,6491,6493,6491,6497,6501,6492,6486
114654,Del Paso Heights,Sacramento,CA,Sacramento,Sacramento,3189,1117,1125,1134,1141,1149,1158,1169,1179,1186,1190,1199,1207,1215,1220,1220,1220,1220,1226,1234,1246,1258,1267,1274,1280,1287,1295,1304,1316,1329,1341,1353,1367,1377,1384,1392,1398,1405
698711,Downtown Menlo Park,Menlo Park,CA,San Francisco,San Mateo,3200,4453,4506,4547,4576,4579,4579,4619,4690,4756,4798,4740,4685,4645,4700,4775,4842,4907,4941,4922,4876,4863,4871,4864,4798,4720,4647,4617,4623,4654,4678,4663,4614,4553,4502,4483,4466,4482
417502,Yerba Buena,San Francisco,CA,San Francisco,San Francisco,3204,4210,4265,4291,4308,4330,4367,4418,4463,4499,4518,4526,4513,4498,4485,4446,4404,4370,4356,4337,4307,4276,4251,4239,4226,4211,4201,4180,4153,4119,4089,4073,4069,4068,4070,4065,4055,4041
698709,Sharon Heights,Menlo Park,CA,San Francisco,San Mateo,3205,5520,5501,5468,5485,5502,5536,5562,5582,5592,5588,5584,5568,5541,5502,5453,5451,5511,5609,5683,5737,5748,5746,5724,5697,5704,5781,5852,5906,5886,5836,5804,5766,5735,5702,5673,5672,5685
268542,Upper Land Park,Sacramento,CA,Sacramento,Sacramento,3214,1520,1519,1516,1527,1547,1570,1584,1593,1594,1592,1592,1592,1604,1631,1658,1679,1692,1700,1707,1718,1738,1752,1757,1753,1759,1773,1789,1799,1811,1826,1850,1888,1926,1956,1975,1984,1995
343609,Crescent Park,Palo Alto,CA,San Jose,Santa Clara,3262,9614,9736,9890,10016,10084,10131,10159,10168,10159,10200,10270,10328,10322,10126,9938,9812,9931,10044,10154,10248,10297,10327,10384,10451,10514,10599,10637,10665,10658,10656,10645,10630,10605,10596,10603,10621,10649
268351,Northgate,Sacramento,CA,Sacramento,Sacramento,3290,1280,1287,1292,1296,1303,1310,1316,1316,1314,1311,1309,1306,1310,1321,1340,1358,1378,1392,1402,1407,1410,1412,1414,1421,1429,1437,1442,1445,1448,1460,1480,1511,1542,1565,1577,1582,1585
416887,Oak Park,Stockton,CA,Stockton,San Joaquin,3302,1030,1040,1046,1052,1059,1068,1077,1085,1088,1092,1096,1098,1099,1104,1109,1117,1128,1138,1142,1147,1153,1167,1180,1192,1197,1205,1208,1212,1216,1221,1229,1234,1238,1240,1246,1250,1262
417519,Corona Heights,San Francisco,CA,San Francisco,San Francisco,3317,4679,4724,4815,4934,5081,5209,5316,5363,5392,5433,5509,5559,5595,5585,5546,5490,5456,5421,5378,5357,5345,5323,5258,5159,5069,5035,5028,5023,5002,4968,4964,4994,5041,5067,5076,5072,5065
268373,Old North Sacramento,Sacramento,CA,Sacramento,Sacramento,3324,1034,1039,1049,1062,1073,1081,1094,1109,1118,1123,1128,1137,1149,1161,1173,1182,1188,1193,1197,1203,1213,1221,1230,1236,1241,1246,1252,1263,1278,1294,1310,1321,1329,1330,1335,1341,1347
268223,Iveywood,Oakland,CA,San Francisco,Alameda,3337,1740,1749,1759,1779,1808,1832,1848,1867,1891,1917,1955,1996,2046,2092,2125,2153,2180,2216,2253,2291,2323,2357,2387,2411,2429,2458,2479,2496,2501,2501,2501,2504,2510,2518,2526,2532,2539
268129,Eastmont,Oakland,CA,San Francisco,Alameda,3346,1727,1726,1728,1740,1766,1791,1808,1828,1850,1878,1923,1975,2022,2056,2073,2103,2139,2191,2237,2285,2329,2379,2418,2446,2468,2503,2534,2555,2555,2540,2537,2543,2561,2572,2583,2586,2589
698710,Central Menlo Park,Menlo Park,CA,San Francisco,San Mateo,3355,9067,9118,9163,9219,9243,9276,9323,9415,9538,9642,9682,9665,9722,9697,9752,9793,9987,10077,10093,10020,9955,9944,9982,10031,10103,10218,10315,10423,10470,10509,10494,10454,10435,10451,10507,10537,10565
276398,Jefferson,Oakland,CA,San Francisco,Alameda,3357,1901,1945,1975,1994,2032,2090,2152,2212,2250,2271,2277,2280,2297,2334,2369,2418,2466,2509,2541,2569,2604,2649,2688,2709,2711,2725,2719,2715,2712,2716,2736,2783,2834,2882,2911,2935,2951
268348,North Stonehurst,Oakland,CA,San Francisco,Alameda,3364,1728,1738,1759,1780,1813,1840,1858,1867,1881,1909,1947,1991,2041,2092,2138,2181,2212,2242,2264,2295,2324,2360,2392,2417,2435,2455,2471,2484,2489,2492,2501,2514,2525,2525,2526,2527,2532
268438,River Park,Sacramento,CA,Sacramento,Sacramento,3401,1627,1630,1641,1659,1670,1680,1693,1711,1727,1747,1765,1779,1803,1817,1848,1875,1907,1934,1951,1973,1995,2025,2066,2097,2119,2126,2135,2139,2137,2135,2145,2160,2180,2163,2132,2093,2085
416983,Parkside,San Mateo,CA,San Francisco,San Mateo,3415,3461,3483,3513,3554,3607,3654,3713,3765,3792,3793,3796,3797,3815,3853,3884,3910,3925,3942,3943,3937,3923,3906,3889,3863,3837,3828,3822,3832,3846,3863,3869,3872,3868,3881,3901,3913,3915
114490,Country Club,Stockton,CA,Stockton,San Joaquin,3440,1180,1180,1177,1174,1178,1188,1200,1211,1212,1205,1194,1188,1187,1195,1212,1234,1251,1262,1266,1268,1270,1276,1282,1294,1306,1319,1325,1327,1332,1337,1345,1354,1363,1374,1380,1387,1391
273301,Coliseum,Oakland,CA,San Francisco,Alameda,3443,1707,1728,1736,1763,1786,1806,1807,1829,1865,1916,1963,1993,2020,2043,2068,2095,2140,2197,2250,2287,2312,2348,2394,2445,2491,2533,2559,2566,2559,2543,2538,2547,2569,2583,2590,2589,2586
268052,Castlemont,Oakland,CA,San Francisco,Alameda,3468,1803,1831,1847,1866,1889,1915,1940,1972,2003,2036,2068,2096,2116,2150,2168,2185,2206,2248,2291,2331,2360,2392,2418,2441,2462,2491,2511,2521,2524,2518,2520,2526,2540,2555,2573,2589,2602
268180,Glenwood Meadows,Sacramento,CA,Sacramento,Sacramento,3475,1278,1287,1291,1295,1296,1298,1301,1303,1304,1303,1300,1299,1304,1317,1331,1347,1360,1371,1379,1383,1384,1385,1389,1396,1406,1418,1428,1433,1437,1440,1451,1469,1496,1519,1532,1539,1542
343951,Hayward Park,San Mateo,CA,San Francisco,San Mateo,3539,3461,3551,3634,3697,3745,3774,3786,3777,3764,3765,3781,3791,3794,3818,3840,3873,3887,3888,3886,3888,3890,3878,3871,3840,3808,3791,3776,3762,3760,3775,3804,3825,3833,3834,3842,3850,3868
273389,Cox,Oakland,CA,San Francisco,Alameda,3550,1769,1788,1803,1820,1843,1866,1882,1901,1924,1951,1984,2020,2061,2101,2128,2156,2187,2233,2277,2318,2353,2384,2411,2434,2458,2487,2507,2516,2520,2519,2529,2539,2550,2563,2579,2591,2596
268339,Noralto,Sacramento,CA,Sacramento,Sacramento,3562,1041,1050,1062,1073,1081,1086,1099,1112,1124,1129,1133,1137,1143,1154,1166,1174,1180,1186,1192,1196,1202,1209,1220,1229,1237,1242,1246,1254,1267,1285,1304,1319,1328,1331,1337,1344,1349
268560,Village 12,Sacramento,CA,Sacramento,Sacramento,3565,1665,1672,1677,1684,1691,1693,1690,1685,1681,1680,1685,1698,1715,1732,1742,1755,1762,1769,1772,1776,1782,1787,1789,1790,1793,1799,1804,1811,1825,1850,1876,1898,1912,1921,1927,1935,1942
268032,Brookfield Village,Oakland,CA,San Francisco,Alameda,3581,1709,1721,1727,1738,1754,1773,1791,1817,1857,1909,1963,2002,2039,2071,2112,2154,2202,2243,2274,2297,2316,2343,2369,2398,2425,2463,2491,2508,2509,2504,2503,2507,2507,2503,2499,2504,2507
115240,Gardenland,Sacramento,CA,Sacramento,Sacramento,3582,1194,1202,1213,1224,1235,1239,1242,1242,1241,1238,1238,1240,1250,1265,1277,1284,1287,1293,1302,1313,1321,1324,1329,1332,1338,1344,1351,1363,1378,1396,1415,1429,1439,1448,1462,1474,1480
268169,Frick,Oakland,CA,San Francisco,Alameda,3584,1934,1978,2023,2067,2118,2176,2239,2286,2306,2309,2308,2311,2326,2356,2383,2424,2479,2544,2608,2665,2708,2740,2763,2773,2773,2783,2775,2765,2752,2740,2738,2757,2794,2838,2875,2900,2915
274711,North Hayward,Hayward,CA,San Francisco,Alameda,3586,2091,2116,2119,2118,2141,2179,2219,2243,2257,2263,2269,2275,2294,2333,2373,2408,2435,2453,2466,2479,2488,2495,2499,2498,2490,2498,2500,2507,2509,2511,2510,2515,2522,2531,2537,2551,2562
343611,Old Palo Alto,Palo Alto,CA,San Jose,Santa Clara,3609,9577,9683,9780,9846,9864,9885,9920,9923,9942,9989,10095,10177,10253,10058,9962,9908,10170,10364,10532,10643,10713,10752,10809,10858,10890,10968,11052,11137,11142,11140,11114,11088,11035,10988,10940,10889,10864
268289,Merriwood,Oakland,CA,San Francisco,Alameda,3629,3472,3522,3533,3555,3585,3638,3673,3713,3747,3796,3853,3887,3901,3905,3893,3890,3914,3934,3952,3968,4003,4054,4077,4058,4000,3958,3890,3837,3808,3812,3837,3862,3871,3864,3853,3828,3808
417498,Midtown Terrace,San Francisco,CA,San Francisco,San Francisco,3643,4098,4191,4284,4371,4422,4424,4411,4411,4437,4472,4501,4520,4534,4548,4544,4517,4515,4519,4516,4478,4441,4424,4420,4412,4375,4344,4282,4223,4183,4178,4192,4202,4184,4159,4139,4130,4145
276414,Lakewide,Oakland,CA,San Francisco,Alameda,3646,2295,2336,2383,2464,2538,2595,2620,2637,2645,2658,2678,2732,2817,2893,2935,2941,2943,2939,2937,2935,2940,2937,2924,2908,2912,2934,2951,2950,2946,2946,2957,2967,2972,2967,2956,2947,2946
343621,University South,Palo Alto,CA,San Jose,Santa Clara,3654,4810,4882,4986,5054,5061,5000,4956,4963,5025,5108,5186,5226,5223,5189,5175,5153,5186,5157,5111,5034,4969,4915,4835,4745,4678,4691,4709,4704,4664,4657,4730,4847,4942,4973,4964,4961,4957
343620,Duveneck - St. Francis,Palo Alto,CA,San Jose,Santa Clara,3663,6590,6729,6871,7008,7105,7172,7182,7154,7097,7058,7037,7003,6946,6794,6685,6614,6676,6726,6785,6870,6937,6973,6978,6959,6939,6963,6976,6982,6954,6934,6919,6911,6896,6880,6876,6860,6853
416884,Holiday Park,Stockton,CA,Stockton,San Joaquin,3687,1196,1197,1195,1194,1196,1204,1213,1219,1220,1215,1209,1207,1218,1231,1249,1260,1272,1276,1275,1275,1280,1289,1298,1310,1321,1331,1337,1340,1343,1348,1356,1367,1376,1387,1391,1394,1394
275789,Twin Peaks,San Francisco,CA,San Francisco,San Francisco,3699,4252,4316,4410,4495,4540,4557,4578,4612,4640,4649,4642,4611,4575,4550,4528,4506,4490,4478,4463,4429,4401,4377,4378,4368,4352,4328,4287,4263,4264,4278,4281,4265,4251,4242,4238,4231,4229
417505,Merced Heights,San Francisco,CA,San Francisco,San Francisco,3703,3323,3364,3454,3522,3576,3645,3725,3809,3871,3911,3945,3981,4020,4048,4079,4097,4108,4092,4054,3997,3934,3879,3823,3764,3700,3655,3665,3711,3759,3792,3808,3829,3847,3851,3843,3827,3821
268478,Sobrante Park,Oakland,CA,San Francisco,Alameda,3743,1865,1893,1909,1919,1932,1945,1973,2009,2046,2072,2092,2107,2122,2158,2196,2243,2290,2333,2365,2384,2404,2425,2447,2459,2472,2496,2516,2525,2523,2517,2524,2550,2579,2599,2609,2616,2627
272706,28 Palms,Fremont,CA,San Francisco,Alameda,3753,2542,2560,2584,2610,2635,2658,2705,2759,2809,2835,2855,2866,2875,2875,2879,2890,2909,2930,2940,2941,2932,2922,2922,2926,2938,2946,2954,2963,2969,2984,2999,3019,3030,3040,3041,3027,3016
275817,University Heights,Menlo Park,CA,San Francisco,San Mateo,3775,5783,5855,5948,6033,6096,6130,6143,6136,6135,6168,6200,6219,6251,6213,6224,6259,6412,6470,6443,6366,6313,6283,6240,6161,6089,6113,6138,6206,6236,6273,6271,6251,6252,6265,6299,6320,6377
417524,Buena Vista Park,San Francisco,CA,San Francisco,San Francisco,3786,4693,4762,4860,4954,5091,5228,5354,5406,5444,5502,5601,5688,5751,5754,5717,5675,5633,5600,5532,5490,5467,5478,5479,5424,5358,5293,5277,5256,5226,5172,5163,5201,5276,5322,5328,5281,5212
275658,Tahoe Park,Sacramento,CA,Sacramento,Sacramento,3789,1257,1270,1290,1309,1324,1326,1324,1325,1329,1339,1356,1367,1380,1395,1405,1417,1430,1446,1459,1469,1476,1481,1490,1497,1509,1523,1528,1527,1529,1541,1561,1582,1603,1621,1636,1644,1653
268087,Colonial Village,Sacramento,CA,Sacramento,Sacramento,3819,1123,1128,1129,1132,1139,1150,1162,1175,1182,1185,1190,1196,1211,1223,1235,1243,1249,1253,1255,1257,1261,1268,1281,1291,1301,1312,1327,1343,1358,1370,1386,1405,1424,1438,1446,1449,1451
417516,Golden Gate Heights,San Francisco,CA,San Francisco,San Francisco,3836,4297,4274,4300,4403,4551,4675,4784,4881,5008,5138,5247,5294,5336,5354,5327,5264,5192,5170,5143,5124,5084,5044,4998,4945,4907,4906,4916,4916,4911,4889,4860,4808,4743,4702,4686,4681,4670
343945,Central Business District,San Mateo,CA,San Francisco,San Mateo,3863,2929,2950,2980,3028,3079,3114,3140,3151,3157,3185,3241,3281,3289,3280,3272,3262,3256,3240,3233,3234,3256,3267,3265,3243,3227,3235,3228,3220,3215,3218,3234,3251,3264,3270,3272,3279,3292
416987,Los Prados,San Mateo,CA,San Francisco,San Mateo,3887,3003,3051,3082,3134,3197,3241,3254,3233,3224,3217,3240,3252,3266,3274,3261,3235,3214,3237,3277,3309,3303,3285,3276,3266,3249,3241,3229,3214,3184,3153,3141,3156,3170,3181,3187,3194,3203
268406,Piedmont Pines,Oakland,CA,San Francisco,Alameda,3897,3630,3667,3648,3661,3673,3730,3784,3859,3923,3967,4001,4009,4016,4053,4096,4143,4198,4243,4281,4293,4291,4285,4300,4279,4227,4175,4121,4075,4072,4087,4109,4092,4047,4017,4011,4020,4035
255961,Forest Hill,San Francisco,CA,San Francisco,San Francisco,3921,5044,5045,5096,5270,5501,5701,5832,5889,5927,6003,6097,6172,6225,6218,6193,6121,6053,5990,5906,5855,5811,5825,5804,5778,5729,5723,5735,5754,5721,5689,5674,5686,5696,5680,5651,5590,5539
268046,Canyon Heights,Fremont,CA,San Francisco,Alameda,3929,2784,2844,2896,2946,2997,3055,3106,3134,3139,3136,3138,3138,3148,3152,3157,3163,3188,3210,3223,3232,3240,3248,3250,3245,3236,3230,3220,3215,3221,3235,3248,3252,3251,3256,3263,3268,3267
416995,Southeast Hillsdale,San Mateo,CA,San Francisco,San Mateo,3949,3970,4034,4117,4186,4242,4270,4267,4275,4279,4300,4318,4321,4327,4308,4305,4310,4325,4345,4363,4375,4376,4373,4381,4393,4395,4395,4393,4407,4412,4429,4432,4422,4395,4355,4319,4282,4259
417506,West Portal,San Francisco,CA,San Francisco,San Francisco,3964,4379,4376,4422,4529,4636,4733,4853,4970,5102,5218,5307,5341,5369,5367,5383,5369,5365,5347,5310,5259,5207,5140,5060,4974,4920,4918,4959,5006,5028,5022,4989,4939,4891,4859,4818,4760,4720
343942,North Shoreview,San Mateo,CA,San Francisco,San Mateo,3981,3222,3305,3392,3465,3502,3490,3475,3473,3492,3525,3558,3571,3559,3536,3515,3514,3541,3579,3608,3630,3637,3632,3612,3594,3583,3589,3585,3587,3590,3610,3639,3679,3718,3747,3768,3774,3777
116334,Loyola,Los Altos,CA,San Jose,Santa Clara,3999,7235,7301,7396,7478,7557,7609,7627,7608,7582,7582,7626,7665,7676,7666,7650,7656,7659,7687,7710,7737,7739,7749,7752,7756,7757,7754,7751,7749,7758,7779,7788,7775,7746,7714,7683,7635,7579
698716,The Willows,Menlo Park,CA,San Francisco,San Mateo,4008,4714,4719,4758,4798,4833,4778,4747,4768,4861,4925,4961,4976,5032,5061,5108,5158,5251,5318,5353,5349,5317,5287,5258,5225,5186,5201,5176,5169,5151,5182,5210,5206,5178,5151,5156,5152,5166
268335,Newton Booth,Sacramento,CA,Sacramento,Sacramento,4018,1400,1412,1427,1441,1458,1476,1485,1481,1471,1457,1460,1468,1501,1522,1552,1574,1599,1611,1613,1614,1621,1624,1629,1627,1629,1635,1647,1668,1686,1712,1742,1780,1815,1843,1858,1865,1858
274277,Las Palmas,Oakland,CA,San Francisco,Alameda,4020,1836,1856,1864,1871,1888,1897,1913,1950,1993,2033,2062,2088,2120,2180,2224,2273,2312,2349,2373,2389,2404,2421,2432,2435,2440,2473,2487,2494,2494,2494,2503,2518,2536,2557,2587,2624,2658
276620,Upper Peralta Creek,Oakland,CA,San Francisco,Alameda,4027,1997,2050,2095,2132,2176,2217,2262,2304,2340,2370,2382,2389,2409,2447,2487,2525,2573,2619,2659,2686,2712,2740,2760,2758,2744,2746,2738,2739,2739,2745,2754,2779,2800,2827,2843,2863,2879
268562,Village 2,Sacramento,CA,Sacramento,Sacramento,4051,1740,1747,1753,1757,1759,1757,1757,1755,1756,1759,1767,1775,1789,1799,1810,1818,1824,1830,1838,1849,1863,1871,1876,1877,1881,1883,1885,1892,1909,1932,1959,1983,2003,2017,2029,2036,2038
268185,Golf Course Terrace,Sacramento,CA,Sacramento,Sacramento,4073,1242,1253,1260,1264,1267,1269,1272,1275,1278,1280,1281,1286,1297,1310,1328,1339,1352,1362,1374,1381,1382,1380,1376,1381,1389,1401,1409,1419,1428,1438,1448,1465,1492,1517,1531,1536,1537
114905,El Pinal,Stockton,CA,Stockton,San Joaquin,4102,1382,1381,1383,1383,1386,1391,1401,1410,1414,1410,1408,1411,1417,1422,1426,1435,1441,1446,1447,1447,1450,1460,1473,1484,1490,1495,1500,1510,1526,1541,1552,1569,1593,1616,1630,1636,1641
233162,Fair Oaks,Menlo Park,CA,San Francisco,San Mateo,4120,3701,3767,3816,3827,3812,3781,3772,3836,3955,4078,4149,4168,4163,4137,4106,4090,4089,4081,4055,4003,3965,3934,3944,3957,3974,3973,3989,4019,4067,4127,4179,4185,4152,4104,4074,4046,4030
416988,Lauriedale,San Mateo,CA,San Francisco,San Mateo,4126,3034,3082,3140,3189,3228,3246,3260,3275,3307,3328,3351,3353,3343,3352,3353,3351,3331,3328,3332,3330,3303,3264,3255,3267,3283,3305,3311,3307,3294,3274,3267,3273,3276,3264,3258,3267,3311
416883,Swain Oaks,Stockton,CA,Stockton,San Joaquin,4129,1075,1089,1092,1093,1086,1086,1092,1109,1119,1123,1116,1121,1126,1140,1161,1185,1209,1219,1224,1225,1228,1231,1234,1245,1261,1283,1294,1297,1296,1296,1296,1294,1290,1287,1286,1294,1304
268086,Colonial Manor,Sacramento,CA,Sacramento,Sacramento,4144,1251,1258,1263,1265,1267,1272,1276,1279,1279,1279,1280,1288,1298,1304,1310,1316,1325,1333,1338,1340,1342,1344,1345,1349,1358,1372,1387,1400,1415,1426,1441,1458,1482,1504,1517,1527,1533
268176,Glen Elder,Sacramento,CA,Sacramento,Sacramento,4186,1150,1170,1187,1198,1210,1220,1227,1229,1226,1219,1210,1210,1218,1235,1246,1251,1254,1258,1262,1270,1277,1282,1283,1287,1295,1309,1320,1331,1341,1354,1367,1382,1399,1417,1438,1461,1481
273100,Caballo Hills,Oakland,CA,San Francisco,Alameda,4194,2970,3017,3007,2998,2989,3025,3078,3124,3156,3171,3193,3187,3171,3165,3180,3234,3309,3380,3415,3425,3418,3408,3386,3352,3324,3319,3320,3321,3339,3356,3370,3371,3369,3365,3369,3377,3386
117879,San Mateo Park,San Mateo,CA,San Francisco,San Mateo,4200,7657,7787,7956,8056,8136,8193,8264,8312,8361,8368,8349,8254,8203,8209,8236,8262,8234,8191,8116,8050,8017,8019,8068,8162,8242,8295,8275,8282,8296,8299,8245,8166,8093,8034,7998,7960,7978
114292,Chinatown,Oakland,CA,San Francisco,Alameda,4201,2203,2244,2281,2329,2380,2421,2452,2468,2476,2484,2496,2512,2529,2581,2632,2676,2672,2662,2648,2648,2654,2667,2679,2678,2674,2670,2663,2659,2661,2660,2653,2648,2641,2638,2629,2627,2630
268607,Woodbine,Sacramento,CA,Sacramento,Sacramento,4260,1213,1227,1240,1246,1249,1247,1246,1246,1245,1244,1241,1247,1260,1273,1288,1297,1305,1311,1319,1328,1334,1336,1335,1339,1345,1355,1366,1380,1393,1407,1420,1434,1451,1468,1480,1488,1492
273988,Highland,Oakland,CA,San Francisco,Alameda,4269,1716,1724,1731,1754,1781,1803,1814,1834,1867,1906,1951,1990,2030,2059,2082,2106,2145,2196,2244,2282,2310,2342,2374,2408,2443,2485,2513,2521,2518,2509,2511,2515,2521,2523,2528,2533,2538
275598,Strawberry Manor,Sacramento,CA,Sacramento,Sacramento,4282,1163,1175,1192,1204,1211,1209,1209,1213,1221,1226,1229,1234,1244,1254,1262,1266,1271,1281,1296,1311,1321,1327,1326,1329,1334,1341,1348,1354,1364,1376,1387,1398,1411,1424,1434,1441,1447
268329,Natomas Crossing,Sacramento,CA,Sacramento,Sacramento,4289,1565,1607,1623,1639,1646,1636,1624,1624,1638,1645,1639,1620,1613,1609,1617,1622,1628,1638,1644,1652,1665,1681,1695,1696,1694,1690,1691,1698,1715,1739,1763,1778,1786,1788,1792,1794,1795
416399,Palo Verde,Palo Alto,CA,San Jose,Santa Clara,4302,6271,6360,6433,6519,6567,6611,6606,6588,6549,6546,6575,6607,6624,6520,6425,6355,6435,6492,6524,6530,6493,6429,6348,6254,6178,6184,6188,6192,6172,6160,6150,6146,6146,6159,6182,6190,6201
268328,Natomas Creek,Sacramento,CA,Sacramento,Sacramento,4323,1605,1612,1611,1615,1624,1638,1648,1660,1679,1694,1707,1713,1733,1756,1786,1809,1828,1838,1843,1844,1837,1811,1777,1750,1747,1757,1771,1786,1795,1802,1815,1838,1865,1893,1915,1929,1928
416707,South of Midtown,Palo Alto,CA,San Jose,Santa Clara,4419,5660,5779,5915,6054,6157,6248,6290,6314,6307,6337,6397,6444,6449,6329,6226,6169,6259,6322,6331,6305,6252,6211,6173,6114,6047,6043,6039,6056,6054,6055,6055,6054,6049,6047,6051,6048,6048
268042,Campus Commons,Sacramento,CA,Sacramento,Sacramento,4423,1633,1635,1643,1661,1683,1702,1708,1697,1678,1656,1646,1649,1670,1685,1696,1702,1714,1726,1735,1738,1737,1733,1723,1716,1720,1736,1754,1769,1784,1806,1826,1849,1866,1887,1902,1915,1912
268121,Durant Manor,Oakland,CA,San Francisco,Alameda,4430,2046,2089,2125,2152,2183,2220,2248,2266,2268,2264,2260,2264,2275,2314,2343,2384,2419,2456,2506,2553,2592,2603,2611,2614,2611,2617,2607,2600,2594,2589,2591,2606,2627,2658,2690,2715,2728
268523,Toler Heights,Oakland,CA,San Francisco,Alameda,4468,2101,2137,2164,2194,2227,2256,2277,2286,2288,2278,2272,2282,2309,2358,2397,2436,2466,2505,2550,2595,2630,2656,2672,2679,2677,2685,2684,2682,2689,2700,2715,2727,2745,2767,2788,2801,2809
416706,Greenmeadow,Palo Alto,CA,San Jose,Santa Clara,4492,5450,5586,5755,5942,6106,6244,6334,6377,6380,6383,6386,6371,6318,6177,6042,5942,5933,5921,5892,5881,5866,5854,5850,5848,5862,5900,5927,5941,5944,5952,5962,5972,5982,5996,6012,6011,6021
268110,Diamond Heights,San Francisco,CA,San Francisco,San Francisco,4497,4176,4224,4292,4368,4424,4435,4443,4447,4461,4467,4497,4514,4538,4578,4584,4567,4520,4482,4443,4410,4406,4400,4389,4352,4319,4298,4255,4222,4217,4243,4265,4262,4239,4207,4193,4194,4203
273023,Brentwood,Sacramento,CA,Sacramento,Sacramento,4506,1235,1240,1242,1245,1247,1248,1250,1252,1252,1251,1254,1261,1275,1287,1299,1302,1304,1307,1317,1325,1329,1331,1335,1340,1349,1362,1379,1397,1416,1430,1442,1458,1481,1504,1516,1525,1530
343604,Produce & Waterfront,Oakland,CA,San Francisco,Alameda,4523,2498,2545,2593,2635,2693,2753,2795,2814,2827,2850,2880,2918,2956,2982,2980,2972,2971,2974,2986,2993,3002,3002,2994,2982,2967,2969,2964,2968,2982,3004,3020,3020,3013,3000,2997,2998,3004
343607,Charleston Meadow,Palo Alto,CA,San Jose,Santa Clara,4525,4954,5019,5071,5124,5157,5192,5227,5275,5329,5375,5431,5439,5414,5389,5313,5249,5219,5231,5241,5244,5235,5216,5186,5138,5104,5132,5150,5166,5173,5173,5173,5176,5177,5193,5221,5270,5329
268213,Hollywood Park,Sacramento,CA,Sacramento,Sacramento,4594,1337,1357,1374,1387,1391,1391,1387,1392,1402,1418,1428,1434,1446,1457,1470,1478,1492,1504,1515,1530,1541,1546,1541,1536,1536,1550,1559,1568,1576,1585,1598,1612,1629,1646,1666,1683,1694
268583,West Del Paso Heights,Sacramento,CA,Sacramento,Sacramento,4608,1183,1197,1212,1222,1227,1223,1221,1223,1226,1228,1229,1237,1247,1259,1263,1264,1265,1273,1286,1299,1310,1319,1323,1330,1338,1350,1358,1370,1384,1399,1414,1424,1431,1440,1454,1475,1488
268077,Clawson,Oakland,CA,San Francisco,Alameda,4633,2476,2533,2562,2598,2621,2649,2667,2695,2732,2781,2824,2865,2900,2923,2939,2945,2961,2974,2994,2999,2998,2984,2966,2943,2925,2920,2928,2944,2961,2977,2992,3005,3015,3015,2999,2978,2960
416977,Mariners Island,San Mateo,CA,San Francisco,San Mateo,4689,3070,3123,3183,3229,3263,3276,3289,3306,3341,3393,3440,3463,3448,3436,3420,3432,3448,3465,3457,3450,3448,3463,3477,3474,3455,3457,3458,3461,3464,3456,3444,3431,3424,3419,3426,3438,3469
417492,North Waterfront,San Francisco,CA,San Francisco,San Francisco,4694,4111,4251,4364,4450,4483,4493,4490,4506,4529,4557,4574,4584,4573,4569,4556,4556,4544,4516,4458,4408,4369,4364,4372,4376,4362,4348,4318,4289,4256,4216,4181,4174,4212,4274,4318,4310,4282
273665,Fairfax,Oakland,CA,San Francisco,Alameda,4723,1906,1947,1976,2005,2054,2118,2180,2231,2266,2287,2296,2300,2319,2358,2394,2437,2484,2530,2572,2609,2649,2689,2726,2743,2747,2760,2752,2740,2727,2722,2730,2757,2793,2834,2864,2886,2898
268333,New Era Park,Sacramento,CA,Sacramento,Sacramento,4744,1402,1412,1418,1429,1447,1460,1471,1476,1479,1477,1484,1490,1513,1533,1563,1588,1615,1628,1629,1626,1630,1636,1648,1651,1656,1661,1669,1684,1702,1727,1755,1784,1811,1836,1857,1869,1869
417510,Westwood Park,San Francisco,CA,San Francisco,San Francisco,4755,3907,3979,4054,4122,4132,4134,4161,4248,4330,4408,4442,4469,4488,4506,4514,4494,4469,4436,4415,4393,4383,4373,4355,4327,4289,4275,4266,4290,4328,4377,4406,4410,4401,4376,4357,4348,4361
268590,West Tahoe Park,Sacramento,CA,Sacramento,Sacramento,4769,1256,1263,1275,1290,1301,1307,1308,1314,1318,1323,1335,1343,1357,1365,1372,1375,1382,1388,1389,1387,1393,1407,1427,1441,1461,1486,1503,1510,1520,1537,1561,1584,1606,1620,1630,1636,1643
417513,Westwood Highlands,San Francisco,CA,San Francisco,San Francisco,4786,4285,4345,4389,4465,4519,4582,4673,4796,4910,5007,5055,5057,5023,4969,4905,4860,4856,4868,4867,4841,4798,4725,4654,4579,4531,4548,4573,4595,4585,4562,4547,4525,4507,4478,4468,4468,4493
275662,Tallac Village,Sacramento,CA,Sacramento,Sacramento,4849,1173,1180,1187,1191,1195,1200,1207,1215,1219,1219,1225,1233,1249,1261,1274,1282,1291,1298,1301,1303,1303,1303,1305,1305,1311,1328,1346,1364,1378,1389,1401,1414,1436,1456,1474,1483,1488
274340,Lockwood Tevis,Oakland,CA,San Francisco,Alameda,4890,1705,1715,1723,1741,1759,1781,1796,1836,1880,1926,1961,1993,2030,2060,2091,2118,2153,2197,2240,2274,2304,2343,2381,2423,2466,2511,2544,2564,2571,2567,2559,2556,2566,2574,2578,2575,2566
268472,Sierra Oaks,Sacramento,CA,Sacramento,Sacramento,4904,1762,1774,1784,1793,1805,1814,1819,1822,1822,1819,1822,1821,1825,1826,1825,1825,1836,1854,1879,1900,1926,1945,1943,1938,1930,1951,1960,1964,1963,1968,1983,2001,2015,2027,2038,2052,2064
343952,Westshore,San Mateo,CA,San Francisco,San Mateo,4931,3201,3263,3313,3367,3428,3478,3517,3527,3519,3507,3501,3482,3482,3506,3517,3523,3529,3548,3564,3592,3612,3619,3621,3610,3606,3638,3634,3626,3600,3593,3587,3590,3598,3620,3662,3702,3735
268469,Shepherd Canyon,Oakland,CA,San Francisco,Alameda,4933,3503,3558,3564,3594,3621,3683,3724,3775,3819,3865,3910,3923,3924,3955,3985,4026,4067,4107,4138,4156,4163,4175,4196,4184,4146,4112,4053,3995,3959,3942,3947,3949,3950,3949,3947,3941,3936
268257,Lincoln Highlands,Oakland,CA,San Francisco,Alameda,4954,2906,2958,2962,2957,2978,3048,3124,3173,3198,3227,3281,3337,3372,3397,3418,3453,3481,3489,3491,3479,3461,3415,3357,3300,3277,3286,3302,3315,3340,3382,3428,3452,3453,3436,3420,3410,3403
268515,Tahoe Park South,Sacramento,CA,Sacramento,Sacramento,4974,1262,1269,1282,1293,1301,1302,1303,1306,1312,1321,1337,1350,1367,1369,1375,1379,1390,1399,1404,1411,1418,1427,1437,1445,1457,1465,1474,1482,1493,1512,1535,1557,1572,1578,1574,1564,1556
268141,Elmhurst,Sacramento,CA,Sacramento,Sacramento,4975,1447,1459,1464,1474,1486,1497,1510,1522,1525,1515,1507,1497,1506,1535,1568,1598,1624,1641,1649,1658,1668,1678,1682,1668,1654,1660,1662,1664,1664,1669,1680,1705,1739,1781,1823,1855,1874
417514,Forest Hill Extension,San Francisco,CA,San Francisco,San Francisco,5023,4590,4610,4646,4739,4843,4945,5064,5178,5293,5414,5544,5607,5635,5626,5638,5602,5557,5477,5382,5285,5200,5129,5056,4978,4936,4949,4989,5005,4992,4962,4941,4930,4926,4910,4871,4816,4793
417528,Little Hollywood,San Francisco,CA,San Francisco,San Francisco,5024,3220,3253,3297,3339,3402,3455,3498,3547,3610,3671,3715,3742,3743,3749,3729,3732,3734,3749,3745,3731,3729,3732,3745,3745,3732,3715,3691,3654,3630,3630,3659,3678,3667,3632,3607,3591,3603
268182,Golden Gate,Oakland,CA,San Francisco,Alameda,5049,2697,2784,2838,2877,2899,2928,2943,2966,2989,3020,3044,3056,3076,3081,3084,3066,3065,3076,3095,3100,3091,3076,3062,3052,3046,3044,3055,3074,3105,3142,3178,3205,3222,3224,3210,3191,3181
343612,Evergreen Park,Palo Alto,CA,San Jose,Santa Clara,5075,3847,3886,3895,3901,3906,3917,3929,3932,3956,3973,3989,3980,3969,3952,3944,3928,3944,3947,3980,3971,3962,3915,3881,3853,3827,3813,3796,3794,3786,3787,3802,3825,3846,3839,3805,3765,3745
417526,Central Waterfront - Dogpatch,San Francisco,CA,San Francisco,San Francisco,5080,4329,4395,4446,4476,4507,4531,4569,4606,4639,4650,4635,4603,4568,4547,4534,4526,4512,4497,4478,4460,4446,4426,4407,4378,4346,4323,4289,4283,4292,4327,4358,4384,4399,4401,4395,4391,4393
268511,Swanston Estates,Sacramento,CA,Sacramento,Sacramento,5087,1239,1247,1254,1266,1280,1293,1300,1302,1302,1302,1302,1305,1315,1327,1340,1345,1347,1349,1352,1356,1365,1374,1382,1388,1391,1395,1396,1399,1402,1413,1431,1452,1467,1476,1483,1491,1501
416972,Aragon,San Mateo,CA,San Francisco,San Mateo,5093,4546,4584,4642,4689,4718,4705,4698,4688,4672,4647,4647,4665,4695,4678,4651,4632,4638,4656,4667,4672,4677,4683,4683,4663,4625,4593,4573,4576,4576,4578,4571,4577,4599,4631,4633,4598,4569
273846,Oak Knoll-Golf Links,Oakland,CA,San Francisco,Alameda,5105,2367,2408,2443,2483,2508,2530,2540,2543,2536,2537,2556,2586,2617,2635,2668,2705,2765,2807,2848,2876,2896,2907,2907,2898,2886,2888,2897,2908,2921,2940,2969,2998,3016,3024,3029,3038,3046
416980,Sunnybrae,San Mateo,CA,San Francisco,San Mateo,5128,3427,3456,3488,3524,3578,3611,3651,3669,3683,3681,3694,3711,3720,3724,3708,3733,3773,3830,3861,3883,3876,3853,3825,3795,3777,3779,3784,3784,3775,3767,3781,3814,3853,3879,3894,3891,3890
417494,Ingleside Terrace,San Francisco,CA,San Francisco,San Francisco,5190,4657,4669,4662,4768,4828,4887,4962,5063,5184,5280,5348,5378,5429,5489,5533,5502,5464,5450,5437,5396,5314,5209,5128,5059,5029,4993,4999,5026,5048,5071,5079,5093,5111,5125,5133,5072,5011
416976,Northwest Hillsdale,San Mateo,CA,San Francisco,San Mateo,5216,4093,4146,4221,4304,4391,4466,4511,4537,4527,4518,4513,4506,4512,4473,4447,4421,4425,4418,4412,4409,4410,4426,4456,4488,4500,4508,4504,4500,4489,4488,4501,4503,4507,4501,4501,4475,4450
268085,Colonial Heights,Sacramento,CA,Sacramento,Sacramento,5225,1182,1189,1196,1201,1207,1214,1224,1232,1236,1238,1248,1258,1277,1288,1299,1307,1319,1327,1332,1337,1344,1348,1354,1357,1369,1387,1401,1412,1421,1431,1447,1463,1480,1491,1500,1506,1510
698713,Lorelei Manor,Menlo Park,CA,San Francisco,San Mateo,5246,4594,4620,4607,4589,4584,4601,4604,4588,4555,4557,4621,4707,4808,4856,4907,4939,4970,4966,4973,4970,4964,4945,4920,4874,4810,4770,4753,4784,4838,4894,4957,5030,5085,5111,5129,5147,5146
416991,Fiesta Gardens,San Mateo,CA,San Francisco,San Mateo,5269,3573,3597,3621,3648,3697,3769,3844,3910,3938,3951,3954,3957,3963,3990,3999,4009,4009,4013,4020,4017,4010,3990,3971,3936,3907,3900,3907,3925,3945,3952,3950,3940,3925,3920,3930,3937,3942
276145,Woodminster,Oakland,CA,San Francisco,Alameda,5274,3350,3381,3365,3365,3385,3455,3527,3573,3616,3666,3760,3837,3888,3898,3889,3886,3903,3925,3930,3922,3858,3785,3710,3645,3601,3602,3609,3610,3613,3611,3628,3659,3692,3709,3717,3721,3727
343619,Jordan Jr. Hgh School,Palo Alto,CA,San Jose,Santa Clara,5280,8130,8300,8433,8585,8681,8754,8749,8717,8678,8670,8680,8676,8645,8522,8425,8385,8589,8757,8936,9078,9195,9276,9288,9198,9085,9136,9123,9113,9046,9015,9010,9002,8988,9057,9217,9410,9518
417509,Mount Davidson Manor,San Francisco,CA,San Francisco,San Francisco,5302,4045,4102,4176,4248,4298,4320,4376,4460,4582,4717,4804,4863,4868,4842,4784,4742,4737,4766,4790,4797,4764,4704,4653,4601,4572,4569,4589,4609,4618,4615,4596,4564,4536,4504,4477,4445,4438
274490,Medical Center,Sacramento,CA,Sacramento,Sacramento,5313,1375,1394,1406,1421,1433,1443,1451,1457,1457,1450,1445,1437,1446,1457,1479,1494,1517,1530,1540,1552,1566,1574,1579,1578,1585,1602,1612,1616,1620,1626,1636,1649,1668,1703,1743,1772,1779
268582,West Davis Manor,Davis,CA,Sacramento,Yolo,5331,2334,2301,2276,2285,2314,2361,2384,2385,2386,2409,2472,2564,2671,2767,2831,2847,2841,2816,2797,2770,2747,2738,2729,2713,2688,2706,2750,2794,2808,2792,2765,2765,2776,2800,2803,2808,2816
416175,Adobe Meadow - Meadow Park,Palo Alto,CA,San Jose,Santa Clara,5389,5496,5586,5696,5816,5918,5989,5996,5985,5978,6017,6065,6084,6078,5967,5867,5798,5846,5880,5888,5897,5874,5835,5788,5731,5684,5702,5713,5733,5739,5750,5753,5749,5747,5781,5827,5846,5849
276656,Westlake,Sacramento,CA,Sacramento,Sacramento,5457,1803,1811,1816,1820,1823,1819,1814,1812,1815,1819,1823,1825,1837,1849,1863,1868,1875,1879,1884,1888,1898,1909,1921,1928,1932,1931,1927,1929,1943,1967,1992,2013,2033,2051,2071,2076,2077
698715,Linfield Oaks,Menlo Park,CA,San Francisco,San Mateo,5471,4769,4754,4778,4864,4965,5093,5168,5250,5243,5223,5099,5023,4957,4955,4965,4979,5022,5018,5039,5006,4993,4994,4997,5026,5016,5056,5051,5075,5011,4969,4881,4833,4781,4729,4706,4677,4697
268506,Stonegate,Davis,CA,Sacramento,Yolo,5479,2051,2048,2072,2120,2166,2202,2191,2171,2121,2097,2116,2189,2283,2365,2432,2472,2490,2494,2486,2473,2482,2506,2532,2546,2553,2548,2565,2583,2604,2618,2639,2670,2710,2736,2728,2704,2688
273830,Glen Highlands,Oakland,CA,San Francisco,Alameda,5484,4200,4192,4209,4251,4297,4346,4425,4495,4548,4568,4604,4651,4700,4789,4818,4849,4862,4886,4892,4886,4881,4871,4862,4853,4825,4784,4714,4640,4632,4644,4673,4657,4620,4588,4599,4627,4670
268163,Foothill Square,Oakland,CA,San Francisco,Alameda,5531,1885,1916,1935,1961,1997,2034,2065,2096,2119,2136,2145,2150,2171,2222,2269,2313,2349,2375,2392,2406,2422,2438,2454,2461,2471,2500,2509,2508,2503,2499,2510,2527,2548,2572,2606,2645,2676
416993,Country Club Heights,San Mateo,CA,San Francisco,San Mateo,5562,4520,4532,4554,4562,4578,4595,4597,4594,4569,4563,4567,4571,4591,4587,4587,4569,4563,4550,4558,4566,4594,4622,4655,4654,4642,4620,4614,4616,4607,4625,4660,4724,4771,4807,4815,4791,4764
268166,Freeport Manor,Sacramento,CA,Sacramento,Sacramento,5569,1047,1049,1046,1048,1060,1077,1095,1111,1125,1134,1146,1162,1177,1194,1198,1199,1197,1198,1203,1213,1224,1232,1230,1224,1226,1250,1276,1291,1300,1307,1324,1342,1363,1377,1395,1412,1438
416985,Baywood,San Mateo,CA,San Francisco,San Mateo,5614,3618,3774,3888,3975,4002,4015,4022,4066,4124,4165,4203,4175,4135,4071,4034,3996,3984,3961,3953,3935,3900,3872,3873,3879,3859,3859,3863,3859,3891,3932,3969,3952,3914,3890,3900,3919,3961
116539,Menlo Oaks,Menlo Park,CA,San Francisco,San Mateo,5628,5533,5593,5621,5639,5626,5592,5561,5572,5594,5645,5690,5733,5797,5795,5780,5795,5875,5980,6034,6029,5943,5862,5796,5764,5732,5766,5819,5889,5913,5897,5878,5870,5861,5839,5842,5850,5863
268611,Z'berg Park,Sacramento,CA,Sacramento,Sacramento,5633,1480,1490,1499,1507,1519,1530,1545,1555,1564,1563,1563,1565,1575,1587,1598,1608,1620,1629,1635,1642,1654,1666,1673,1675,1679,1683,1688,1695,1702,1707,1711,1718,1727,1740,1759,1774,1779
343602,Old City,Oakland,CA,San Francisco,Alameda,5653,2245,2282,2338,2414,2495,2566,2619,2662,2698,2732,2752,2779,2803,2823,2831,2825,2831,2835,2848,2844,2842,2831,2830,2830,2851,2875,2900,2909,2908,2911,2911,2910,2904,2894,2873,2846,2836
276131,Woodlake,Sacramento,CA,Sacramento,Sacramento,5661,1388,1399,1407,1421,1437,1454,1462,1467,1471,1478,1488,1494,1505,1504,1508,1508,1516,1522,1528,1536,1540,1546,1555,1572,1588,1609,1627,1642,1652,1666,1684,1703,1717,1728,1736,1746,1753
343614,Green Acres,Palo Alto,CA,San Jose,Santa Clara,5723,6195,6297,6417,6585,6753,6897,6971,6990,6974,6965,6971,6966,6941,6818,6702,6616,6649,6668,6679,6692,6678,6650,6620,6586,6559,6571,6581,6587,6572,6558,6540,6517,6494,6473,6473,6469,6485
273272,Claremont,Oakland,CA,San Francisco,Alameda,5735,4154,4151,4144,4167,4203,4271,4338,4400,4422,4428,4457,4505,4579,4662,4685,4702,4709,4743,4761,4774,4772,4763,4753,4725,4682,4660,4619,4566,4544,4507,4475,4410,4347,4320,4349,4399,4442
416996,Southwest Hillsdale,San Mateo,CA,San Francisco,San Mateo,5743,4319,4376,4435,4488,4532,4572,4611,4650,4682,4701,4720,4713,4729,4714,4694,4670,4662,4663,4666,4673,4695,4713,4719,4693,4658,4624,4600,4587,4575,4581,4602,4642,4680,4699,4703,4676,4654
268100,Crocker Highland,Oakland,CA,San Francisco,Alameda,5758,4363,4400,4438,4517,4605,4717,4847,4985,5088,5129,5141,5160,5208,5202,5212,5230,5314,5364,5362,5339,5299,5290,5273,5239,5174,5144,5126,5126,5124,5126,5120,5110,5110,5109,5110,5101,5086
416177,Community Center,Palo Alto,CA,San Jose,Santa Clara,5796,8137,8250,8381,8497,8569,8616,8617,8607,8579,8553,8541,8517,8490,8333,8199,8166,8301,8446,8574,8704,8762,8741,8727,8728,8750,8822,8832,8829,8790,8755,8717,8702,8715,8768,8824,8878,8893
416874,Elkhorn,Stockton,CA,Stockton,San Joaquin,5802,1639,1644,1647,1647,1638,1626,1615,1616,1622,1634,1647,1662,1679,1697,1711,1723,1735,1750,1765,1776,1785,1796,1810,1813,1809,1803,1803,1810,1832,1859,1891,1918,1948,1969,1981,1989,1994
698712,Allied Arts,Menlo Park,CA,San Francisco,San Mateo,5804,6183,6226,6292,6360,6393,6382,6353,6354,6402,6507,6555,6543,6541,6531,6563,6585,6623,6604,6545,6496,6492,6478,6451,6385,6337,6356,6382,6418,6426,6446,6456,6462,6466,6471,6472,6460,6490
268256,Leona Heights,Oakland,CA,San Francisco,Alameda,5815,2795,2843,2854,2853,2850,2872,2922,2949,2985,3010,3062,3084,3100,3127,3154,3179,3203,3241,3282,3306,3299,3267,3227,3207,3206,3211,3219,3230,3275,3313,3340,3348,3341,3317,3291,3283,3301
268477,Slide Hill Park,Davis,CA,Sacramento,Yolo,5818,1853,1852,1862,1868,1888,1903,1890,1864,1829,1829,1839,1863,1883,1911,1943,1981,1994,1994,1982,1982,2003,2031,2045,2059,2093,2155,2200,2222,2239,2268,2298,2318,2333,2336,2335,2350,2375
275388,Skyline - Hillcrest Estates,Oakland,CA,San Francisco,Alameda,5828,3256,3261,3235,3236,3267,3323,3388,3439,3486,3534,3610,3682,3740,3823,3865,3905,3897,3915,3921,3914,3870,3809,3758,3705,3680,3677,3662,3632,3620,3617,3635,3663,3686,3707,3736,3754,3758
268099,Crestmont,Oakland,CA,San Francisco,Alameda,5874,3106,3115,3077,3045,3041,3100,3182,3226,3249,3271,3335,3386,3420,3441,3458,3483,3509,3519,3525,3524,3516,3489,3454,3412,3393,3407,3433,3456,3475,3472,3465,3454,3451,3449,3462,3474,3487
416889,Wilson Heights,Stockton,CA,Stockton,San Joaquin,5936,900,909,925,941,953,962,961,961,959,963,966,973,980,986,990,986,976,967,968,975,993,1010,1024,1039,1060,1083,1108,1125,1140,1157,1174,1185,1185,1181,1177,1174,1176
268462,Sea Cliff,San Francisco,CA,San Francisco,San Francisco,5945,10946,11117,11362,11706,12134,12496,12814,12973,13084,13201,13359,13483,13527,13534,13433,13276,13058,12923,12843,12819,12759,12669,12541,12410,12289,12244,12225,12243,12195,12057,11783,11548,11358,11300,11274,11220,11134
268275,Mangan Park,Sacramento,CA,Sacramento,Sacramento,5989,1197,1205,1204,1206,1208,1212,1219,1226,1229,1229,1232,1240,1253,1263,1272,1275,1280,1283,1290,1298,1308,1311,1307,1303,1307,1326,1340,1357,1373,1390,1406,1422,1438,1455,1473,1491,1505
416994,Laurelwood,San Mateo,CA,San Francisco,San Mateo,6003,4626,4704,4790,4846,4866,4856,4860,4891,4936,4992,5041,5051,5054,5038,5018,5012,5055,5114,5165,5181,5146,5089,5034,4970,4914,4859,4800,4751,4736,4758,4813,4899,4979,5046,5089,5101,5102
268124,East Industrial,Fremont,CA,San Francisco,Alameda,6171,3027,3061,3085,3103,3124,3184,3250,3306,3323,3323,3320,3317,3317,3306,3285,3273,3290,3317,3329,3325,3317,3312,3302,3286,3268,3251,3238,3237,3250,3264,3272,3279,3284,3286,3286,3278,3264
273330,Columbia Gardens,Oakland,CA,San Francisco,Alameda,6268,1748,1764,1761,1777,1793,1811,1817,1846,1897,1962,2015,2041,2067,2085,2108,2136,2188,2247,2298,2333,2358,2383,2420,2455,2494,2532,2561,2567,2555,2535,2533,2553,2578,2593,2595,2595,2591
274735,North Pointe,Sacramento,CA,Sacramento,Sacramento,6287,1370,1383,1391,1393,1391,1391,1389,1386,1380,1377,1379,1388,1405,1425,1446,1464,1476,1482,1487,1495,1509,1523,1534,1540,1548,1554,1559,1567,1579,1593,1613,1632,1654,1669,1679,1682,1676
268594,Wildhorse,Davis,CA,Sacramento,Yolo,6312,2589,2631,2671,2702,2737,2762,2762,2744,2731,2747,2787,2839,2895,2952,2989,3008,3027,3038,3046,3050,3062,3079,3082,3054,3010,3006,3015,3026,3021,3003,2986,2988,2990,3007,3028,3062,3094
416894,Mariposa,Stockton,CA,Stockton,San Joaquin,6356,1110,1120,1122,1116,1121,1136,1160,1171,1174,1166,1155,1152,1151,1161,1165,1176,1186,1199,1207,1210,1220,1236,1259,1278,1288,1295,1307,1319,1324,1319,1317,1322,1329,1334,1335,1340,1349
